Run,Assay Type,AvgSpotLen,Bases,BioProject,BioSample,Bytes,Center Name,Consent,DATASTORE filetype,DATASTORE provider,DATASTORE region,Experiment,GEO_Accession (exp),Instrument,LibraryLayout,LibrarySelection,LibrarySource,Organism,Platform,ReleaseDate,Sample Name,source_name,SRA Study,strain,create_date,version,chip_antibody,chip_antibody_vendor,tissue/cell_type,Developmental_Stage,,need
SRR3105391,ChIP-Seq,202,1928886688,PRJNA309055,SAMN04419955,1088872849,GEO,public,"fastq,run.zq,sra","gs,ncbi,s3","gs.us-east1,ncbi.public,s3.us-east-1",SRX1533815,GSM2041066,Illumina HiSeq 1500,SINGLE,ChIP,GENOMIC,Mus musculus,ILLUMINA,2016-09-15T00:00:00Z,GSM2041066,Mature sperm,SRP068549,PWK,2016-01-18T10:00:00Z,1,H3K27Me3,Diagenode,Mature sperm,,,1
SRR3105393,ChIP-Seq,51,1107543183,PRJNA309055,SAMN04419955,533924088,GEO,public,"fastq,run.zq,sra","gs,ncbi,s3","gs.us-east1,ncbi.public,s3.us-east-1",SRX1533815,GSM2041066,Illumina HiSeq 1500,SINGLE,ChIP,GENOMIC,Mus musculus,ILLUMINA,2016-09-15T00:00:00Z,GSM2041066,Mature sperm,SRP068549,PWK,2016-01-18T10:01:00Z,1,H3K27Me3,Diagenode,Mature sperm,,,1
SRR3105394,ChIP-Seq,51,2429677740,PRJNA309055,SAMN04419956,1235150564,GEO,public,"fastq,run.zq,sra","gs,ncbi,s3","gs.us-east1,ncbi.public,s3.us-east-1",SRX1533816,GSM2041067,Illumina HiSeq 1500,SINGLE,ChIP,GENOMIC,Mus musculus,ILLUMINA,2016-09-15T00:00:00Z,GSM2041067,Growing oocyte,SRP068549,C57BL/6N,2016-01-18T10:04:00Z,1,H3K27Me3,Diagenode,Growing oocyte,,,0
SRR3105395,ChIP-Seq,252,18675749232,PRJNA309055,SAMN04419956,7944879192,GEO,public,"fastq,run.zq,sra","gs,ncbi,s3","gs.us-east1,ncbi.public,s3.us-east-1",SRX1533816,GSM2041067,Illumina HiSeq 1500,SINGLE,ChIP,GENOMIC,Mus musculus,ILLUMINA,2016-09-15T00:00:00Z,GSM2041067,Growing oocyte,SRP068549,C57BL/6N,2016-01-18T10:38:00Z,1,H3K27Me3,Diagenode,Growing oocyte,,,0
SRR3105396,ChIP-Seq,202,5883005580,PRJNA309055,SAMN04419957,3502224929,GEO,public,"fastq,run.zq,sra","gs,ncbi,s3","gs.us-east1,ncbi.public,s3.us-east-1",SRX1533817,GSM2041068,Illumina HiSeq 1500,PAIRED,ChIP,GENOMIC,Mus musculus,ILLUMINA,2016-09-15T00:00:00Z,GSM2041068,Growing oocyte,SRP068549,C57BL/6N,2016-01-18T10:11:00Z,1,H3K27Me3,Diagenode,Growing oocyte,,,1
SRR3105397,ChIP-Seq,252,3999598596,PRJNA309055,SAMN04419957,1514517586,GEO,public,"fastq,run.zq,sra","gs,ncbi,s3","gs.us-east1,ncbi.public,s3.us-east-1",SRX1533817,GSM2041068,Illumina HiSeq 1500,PAIRED,ChIP,GENOMIC,Mus musculus,ILLUMINA,2016-09-15T00:00:00Z,GSM2041068,Growing oocyte,SRP068549,C57BL/6N,2016-01-18T10:06:00Z,1,H3K27Me3,Diagenode,Growing oocyte,,,1
SRR3105398,ChIP-Seq,202,2330539246,PRJNA309055,SAMN04419958,1459692906,GEO,public,"fastq,run.zq,sra","gs,ncbi,s3","gs.us-east1,ncbi.public,s3.us-east-1",SRX1533818,GSM2041069,Illumina HiSeq 1500,PAIRED,ChIP,GENOMIC,Mus musculus,ILLUMINA,2016-09-15T00:00:00Z,GSM2041069,GV oocyte,SRP068549,C57BL/6N,2016-01-18T09:56:00Z,1,H3K27Me3,Diagenode,GV oocyte,,,1
SRR3105399,ChIP-Seq,252,4000582404,PRJNA309055,SAMN04419958,1530591706,GEO,public,"fastq,run.zq,sra","gs,ncbi,s3","gs.us-east1,ncbi.public,s3.us-east-1",SRX1533818,GSM2041069,Illumina HiSeq 1500,PAIRED,ChIP,GENOMIC,Mus musculus,ILLUMINA,2016-09-15T00:00:00Z,GSM2041069,GV oocyte,SRP068549,C57BL/6N,2016-01-18T09:58:00Z,1,H3K27Me3,Diagenode,GV oocyte,,,1
SRR3105400,ChIP-Seq,202,10775316502,PRJNA309055,SAMN04419959,6725959677,GEO,public,"fastq,run.zq,sra","gs,ncbi,s3","gs.us-east1,ncbi.public,s3.us-east-1",SRX1533819,GSM2041070,Illumina HiSeq 1500,PAIRED,ChIP,GENOMIC,Mus musculus,ILLUMINA,2016-09-15T00:00:00Z,GSM2041070,MII oocyte,SRP068549,C57BL/6N,2016-01-18T10:18:00Z,1,H3K27Me3,Diagenode,MII oocyte,,,1
SRR3105401,ChIP-Seq,252,1035178704,PRJNA309055,SAMN04419960,513686170,GEO,public,"fastq,run.zq,sra","gs,ncbi,s3","gs.us-east1,ncbi.public,s3.us-east-1",SRX1533820,GSM2041071,Illumina HiSeq 1500,PAIRED,ChIP,GENOMIC,Mus musculus,ILLUMINA,2016-09-15T00:00:00Z,GSM2041071,MII oocyte,SRP068549,C57BL/6N,2016-01-18T09:54:00Z,1,H3K27Me3,Diagenode,MII oocyte,,,1
SRR3105402,ChIP-Seq,101,5851904650,PRJNA309055,SAMN04419961,4083059370,GEO,public,"fastq,run.zq,sra","gs,ncbi,s3","gs.us-east1,ncbi.public,s3.us-east-1",SRX1533821,GSM2041072,Illumina HiSeq 1500,SINGLE,ChIP,GENOMIC,Mus musculus,ILLUMINA,2016-09-15T00:00:00Z,GSM2041072,Preimplantation embryo,SRP068549,C57BL/6N x PWK,2016-01-18T10:09:00Z,1,H3K27Me3,Diagenode,Preimplantation embryo,,,1
SRR3105403,ChIP-Seq,252,363325032,PRJNA309055,SAMN04419961,169495891,GEO,public,"fastq,run.zq,sra","gs,ncbi,s3","gs.us-east1,ncbi.public,s3.us-east-1",SRX1533821,GSM2041072,Illumina HiSeq 1500,SINGLE,ChIP,GENOMIC,Mus musculus,ILLUMINA,2016-09-15T00:00:00Z,GSM2041072,Preimplantation embryo,SRP068549,C57BL/6N x PWK,2016-01-18T09:55:00Z,1,H3K27Me3,Diagenode,Preimplantation embryo,,,1
SRR3105404,ChIP-Seq,202,3320379646,PRJNA309055,SAMN04419962,1770652427,GEO,public,"fastq,run.zq,sra","gs,ncbi,s3","gs.us-east1,ncbi.public,s3.us-east-1",SRX1533822,GSM2041073,Illumina HiSeq 1500,PAIRED,ChIP,GENOMIC,Mus musculus,ILLUMINA,2016-09-15T00:00:00Z,GSM2041073,Preimplantation embryo,SRP068549,C57BL/6N x PWK,2016-01-18T10:03:00Z,1,H3K27Me3,Diagenode,Preimplantation embryo,,,1
SRR3105405,ChIP-Seq,252,10192788144,PRJNA309055,SAMN04419962,3758955642,GEO,public,"fastq,run.zq,sra","gs,ncbi,s3","gs.us-east1,ncbi.public,s3.us-east-1",SRX1533822,GSM2041073,Illumina HiSeq 1500,PAIRED,ChIP,GENOMIC,Mus musculus,ILLUMINA,2016-09-15T00:00:00Z,GSM2041073,Preimplantation embryo,SRP068549,C57BL/6N x PWK,2016-01-18T10:20:00Z,1,H3K27Me3,Diagenode,Preimplantation embryo,,,1
SRR3105407,ChIP-Seq,252,7857760932,PRJNA309055,SAMN04419964,3763052265,GEO,public,"fastq,run.zq,sra","gs,ncbi,s3","gs.us-east1,ncbi.public,s3.us-east-1",SRX1533824,GSM2041075,Illumina HiSeq 1500,PAIRED,ChIP,GENOMIC,Mus musculus,ILLUMINA,2016-09-15T00:00:00Z,GSM2041075,Preimplantation embryo,SRP068549,C57BL/6N x PWK,2016-01-18T10:07:00Z,1,H3K27Me3,Diagenode,Preimplantation embryo,,,1
SRR3105408,ChIP-Seq,202,35511158832,PRJNA309055,SAMN04419965,21748151613,GEO,public,"fastq,run.zq,sra","gs,ncbi,s3","gs.us-east1,ncbi.public,s3.us-east-1",SRX1533825,GSM2041076,Illumina HiSeq 1500,PAIRED,ChIP,GENOMIC,Mus musculus,ILLUMINA,2016-09-15T00:00:00Z,GSM2041076,Preimplantation embryo,SRP068549,C57BL/6N x PWK,2016-01-18T13:13:00Z,1,H3K27Me3,Diagenode,Preimplantation embryo,,,1
SRR3105425,ChIP-Seq,252,13306837320,PRJNA309055,SAMN04419974,5747254765,GEO,public,"fastq,run.zq,sra","gs,ncbi,s3","gs.us-east1,ncbi.public,s3.us-east-1",SRX1533834,GSM2041085,Illumina HiSeq 1500,PAIRED,ChIP,GENOMIC,Mus musculus,ILLUMINA,2016-09-15T00:00:00Z,GSM2041085,Preimplantation embryo,SRP068549,C57BL/6N x PWK,2016-01-18T10:18:00Z,1,H3K27Me3,Diagenode,Preimplantation embryo,,,1
SRR3105426,ChIP-Seq,202,2228754678,PRJNA309055,SAMN04419975,1226151675,GEO,public,"fastq,run.zq,sra","gs,ncbi,s3","gs.us-east1,ncbi.public,s3.us-east-1",SRX1533835,GSM2041086,Illumina HiSeq 1500,SINGLE,ChIP,GENOMIC,Mus musculus,ILLUMINA,2016-09-15T00:00:00Z,GSM2041086,Embryonic stem cell,SRP068549,R1,2016-01-18T09:59:00Z,1,H3K27Me3,Diagenode,Embryonic stem cell,,,1
SRR3105427,ChIP-Seq,252,809172504,PRJNA309055,SAMN04419975,296229500,GEO,public,"fastq,run.zq,sra","gs,ncbi,s3","gs.us-east1,ncbi.public,s3.us-east-1",SRX1533835,GSM2041086,Illumina HiSeq 1500,SINGLE,ChIP,GENOMIC,Mus musculus,ILLUMINA,2016-09-15T00:00:00Z,GSM2041086,Embryonic stem cell,SRP068549,R1,2016-01-18T09:56:00Z,1,H3K27Me3,Diagenode,Embryonic stem cell,,,0
SRR3105428,ChIP-Seq,51,2577092424,PRJNA309055,SAMN04419975,1301872184,GEO,public,"fastq,run.zq,sra","gs,ncbi,s3","gs.us-east1,ncbi.public,s3.us-east-1",SRX1533835,GSM2041086,Illumina HiSeq 1500,SINGLE,ChIP,GENOMIC,Mus musculus,ILLUMINA,2016-09-15T00:00:00Z,GSM2041086,Embryonic stem cell,SRP068549,R1,2016-01-18T10:05:00Z,1,H3K27Me3,Diagenode,Embryonic stem cell,,,0
SRR3105429,ChIP-Seq,51,1852006860,PRJNA309055,SAMN04419977,928979661,GEO,public,"fastq,run.zq,sra","gs,ncbi,s3","gs.us-east1,ncbi.public,s3.us-east-1",SRX1533836,GSM2041087,Illumina HiSeq 1500,SINGLE,ChIP,GENOMIC,Mus musculus,ILLUMINA,2016-09-15T00:00:00Z,GSM2041087,Embryonic stem cell,SRP068549,R1,2016-01-18T10:03:00Z,1,H3K27Me3,Diagenode,Embryonic stem cell,,,0
SRR3105430,ChIP-Seq,252,4090499028,PRJNA309055,SAMN04419977,1545554593,GEO,public,"fastq,run.zq,sra","gs,ncbi,s3","gs.us-east1,ncbi.public,s3.us-east-1",SRX1533836,GSM2041087,Illumina HiSeq 1500,SINGLE,ChIP,GENOMIC,Mus musculus,ILLUMINA,2016-09-15T00:00:00Z,GSM2041087,Embryonic stem cell,SRP068549,R1,2016-01-18T10:06:00Z,1,H3K27Me3,Diagenode,Embryonic stem cell,,,0
SRR3105431,ChIP-Seq,202,16333609506,PRJNA309055,SAMN04419978,7122744693,GEO,public,"fastq,run.zq,sra","gs,ncbi,s3","gs.us-east1,ncbi.public,s3.us-east-1",SRX1533837,GSM2041088,Illumina HiSeq 1500,PAIRED,ChIP,GENOMIC,Mus musculus,ILLUMINA,2016-09-15T00:00:00Z,GSM2041088,primordial germ cell,SRP068549,C57BL/6N,2016-01-18T10:34:00Z,1,H3K27Me3,Diagenode,primordial germ cell,,,1
SRR3105436,ChIP-Seq,51,1799362569,PRJNA309055,SAMN04419982,902446092,GEO,public,"fastq,run.zq,sra","gs,ncbi,s3","gs.us-east1,ncbi.public,s3.us-east-1",SRX1533841,GSM2041092,Illumina HiSeq 1500,SINGLE,ChIP,GENOMIC,Mus musculus,ILLUMINA,2016-09-15T00:00:00Z,GSM2041092,Somatic cortex,SRP068549,C57BL/6N,2016-01-18T09:55:00Z,1,H3K27Me3,Diagenode,Somatic cortex,,,0
SRR3105437,ChIP-Seq,252,169599780,PRJNA309055,SAMN04419982,60584930,GEO,public,"fastq,run.zq","gs,ncbi,s3","gs.us-east1,ncbi.public,s3.us-east-1",SRX1533841,GSM2041092,Illumina HiSeq 1500,SINGLE,ChIP,GENOMIC,Mus musculus,ILLUMINA,2016-09-15T00:00:00Z,GSM2041092,Somatic cortex,SRP068549,C57BL/6N,,,H3K27Me3,Diagenode,Somatic cortex,,,0
SRR3105438,ChIP-Seq,202,2610598308,PRJNA309055,SAMN04419982,1399968967,GEO,public,"fastq,run.zq,sra","gs,ncbi,s3","gs.us-east1,ncbi.public,s3.us-east-1",SRX1533841,GSM2041092,Illumina HiSeq 1500,SINGLE,ChIP,GENOMIC,Mus musculus,ILLUMINA,2016-09-15T00:00:00Z,GSM2041092,Somatic cortex,SRP068549,C57BL/6N,2016-01-18T09:56:00Z,1,H3K27Me3,Diagenode,Somatic cortex,,,0
SRR3105439,ChIP-Seq,51,466758528,PRJNA309055,SAMN04419983,235871457,GEO,public,"fastq,run.zq,sra","gs,ncbi,s3","gs.us-east1,ncbi.public,s3.us-east-1",SRX1533842,GSM2041093,Illumina HiSeq 1500,SINGLE,ChIP,GENOMIC,Mus musculus,ILLUMINA,2016-09-15T00:00:00Z,GSM2041093,Somatic liver,SRP068549,C57BL/6N,2016-01-18T09:55:00Z,1,H3K27Me3,Diagenode,Somatic liver,,,0
SRR3105440,ChIP-Seq,252,541195704,PRJNA309055,SAMN04419983,205966499,GEO,public,"fastq,run.zq,sra","gs,ncbi,s3","gs.us-east1,ncbi.public,s3.us-east-1",SRX1533842,GSM2041093,Illumina HiSeq 1500,SINGLE,ChIP,GENOMIC,Mus musculus,ILLUMINA,2016-09-15T00:00:00Z,GSM2041093,Somatic liver,SRP068549,C57BL/6N,2016-01-18T10:00:00Z,1,H3K27Me3,Diagenode,Somatic liver,,,0
SRR3105441,ChIP-Seq,202,7176020104,PRJNA309055,SAMN04419983,3419058194,GEO,public,"fastq,run.zq,sra","gs,ncbi,s3","gs.us-east1,ncbi.public,s3.us-east-1",SRX1533842,GSM2041093,Illumina HiSeq 1500,SINGLE,ChIP,GENOMIC,Mus musculus,ILLUMINA,2016-09-15T00:00:00Z,GSM2041093,Somatic liver,SRP068549,C57BL/6N,2016-01-18T10:13:00Z,1,H3K27Me3,Diagenode,Somatic liver,,,0
SRR3105442,ChIP-Seq,51,3652722255,PRJNA309055,SAMN04419953,1783465254,GEO,public,"fastq,run.zq,sra","gs,ncbi,s3","gs.us-east1,ncbi.public,s3.us-east-1",SRX1533843,GSM2041094,Illumina HiSeq 1500,SINGLE,ChIP,GENOMIC,Mus musculus,ILLUMINA,2016-09-15T00:00:00Z,GSM2041094,Embryonic stem cell,SRP068549,R1,2016-01-18T10:04:00Z,1,H3K27Me3,Diagenode,Embryonic stem cell,,,0
SRR3105443,RNA-Seq,51,390593904,PRJNA309055,SAMN04419954,189207625,GEO,public,"fastq,run.zq,sra","gs,ncbi,s3","gs.us-east1,ncbi.public,s3.us-east-1",SRX1533844,GSM2041095,Illumina HiSeq 1500,SINGLE,cDNA,TRANSCRIPTOMIC,Mus musculus,ILLUMINA,2016-09-15T00:00:00Z,GSM2041095,Preimplantation embryo,SRP068549,C57BL/6N x PWK,2016-01-18T09:52:00Z,1,,,Preimplantation embryo,,,1
SRR3105444,RNA-Seq,51,632775564,PRJNA309055,SAMN04419976,303566064,GEO,public,"fastq,run.zq,sra","gs,ncbi,s3","gs.us-east1,ncbi.public,s3.us-east-1",SRX1533845,GSM2041096,Illumina HiSeq 1500,SINGLE,cDNA,TRANSCRIPTOMIC,Mus musculus,ILLUMINA,2016-09-15T00:00:00Z,GSM2041096,Preimplantation embryo,SRP068549,C57BL/6N x PWK,2016-01-18T09:56:00Z,1,,,Preimplantation embryo,,,1
SRR3620823,ChIP-Seq,51,168906084,PRJNA309055,SAMN05196278,81715543,GEO,public,"fastq,run.zq,sra","gs,ncbi,s3","gs.us-east1,ncbi.public,s3.us-east-1",SRX1816625,GSM2184778,Illumina HiSeq 1500,SINGLE,ChIP,GENOMIC,Mus musculus,ILLUMINA,2016-09-15T00:00:00Z,GSM2184778,Preimplantation embryo,SRP068549,C57BL/6N x PWK,2016-06-02T10:21:00Z,1,H3K27Me3,ActiveMotif,,Preimplantation embryo,,0
SRR3620824,ChIP-Seq,101,14188933288,PRJNA309055,SAMN05196278,6698321655,GEO,public,"fastq,run.zq,sra","gs,ncbi,s3","gs.us-east1,ncbi.public,s3.us-east-1",SRX1816625,GSM2184778,Illumina HiSeq 1500,SINGLE,ChIP,GENOMIC,Mus musculus,ILLUMINA,2016-09-15T00:00:00Z,GSM2184778,Preimplantation embryo,SRP068549,C57BL/6N x PWK,2016-06-02T10:55:00Z,1,H3K27Me3,ActiveMotif,,Preimplantation embryo,,0
SRR3620825,ChIP-Seq,202,5457718416,PRJNA309055,SAMN05196278,2463470524,GEO,public,"fastq,run.zq,sra","gs,ncbi,s3","gs.us-east1,ncbi.public,s3.us-east-1",SRX1816625,GSM2184778,Illumina HiSeq 1500,SINGLE,ChIP,GENOMIC,Mus musculus,ILLUMINA,2016-09-15T00:00:00Z,GSM2184778,Preimplantation embryo,SRP068549,C57BL/6N x PWK,2016-06-02T10:28:00Z,1,H3K27Me3,ActiveMotif,,Preimplantation embryo,,0
SRR3620826,ChIP-Seq,252,3534730668,PRJNA309055,SAMN05196278,1836823650,GEO,public,"fastq,run.zq,sra","gs,ncbi,s3","gs.us-east1,ncbi.public,s3.us-east-1",SRX1816625,GSM2184778,Illumina HiSeq 1500,SINGLE,ChIP,GENOMIC,Mus musculus,ILLUMINA,2016-09-15T00:00:00Z,GSM2184778,Preimplantation embryo,SRP068549,C57BL/6N x PWK,2016-06-02T10:26:00Z,1,H3K27Me3,ActiveMotif,,Preimplantation embryo,,0
SRR4022242,ChIP-Seq,202,3373323240,PRJNA309055,SAMN04419963,2247951634,GEO,public,"fastq,run.zq,sra","gs,ncbi,s3","gs.us-east1,ncbi.public,s3.us-east-1",SRX1533823,GSM2041074,Illumina HiSeq 1500,PAIRED,ChIP,GENOMIC,Mus musculus,ILLUMINA,2016-09-15T00:00:00Z,GSM2041074,Preimplantation embryo,SRP068549,C57BL/6N x PWK,2016-08-12T10:15:00Z,1,H3K27Me3,Diagenode,Preimplantation embryo,,,1
SRR4022243,ChIP-Seq,202,10606100294,PRJNA309055,SAMN04419967,6250096110,GEO,public,"fastq,run.zq,sra","gs,ncbi,s3","gs.us-east1,ncbi.public,s3.us-east-1",SRX1533827,GSM2041078,Illumina HiSeq 1500,SINGLE,ChIP,GENOMIC,Mus musculus,ILLUMINA,2016-09-15T00:00:00Z,GSM2041078,Inner cell mass,SRP068549,C57BL/6N x PWK,2016-08-12T10:16:00Z,1,H3K27Me3,Diagenode,Inner cell mass,,,1
SRR4022244,ChIP-Seq,252,2470868820,PRJNA309055,SAMN04419967,1095282917,GEO,public,"fastq,run.zq,sra","gs,ncbi,s3","gs.us-east1,ncbi.public,s3.us-east-1",SRX1533827,GSM2041078,Illumina HiSeq 1500,SINGLE,ChIP,GENOMIC,Mus musculus,ILLUMINA,2016-09-15T00:00:00Z,GSM2041078,Inner cell mass,SRP068549,C57BL/6N x PWK,2016-08-12T10:05:00Z,1,H3K27Me3,Diagenode,Inner cell mass,,,1
SRR4022250,ChIP-Seq,202,6984446132,PRJNA309055,SAMN04419971,4500474155,GEO,public,"fastq,run.zq,sra","gs,ncbi,s3","gs.us-east1,ncbi.public,s3.us-east-1",SRX1533831,GSM2041082,Illumina HiSeq 1500,PAIRED,ChIP,GENOMIC,Mus musculus,ILLUMINA,2016-09-15T00:00:00Z,GSM2041082,E6.5 epiblast,SRP068549,C57BL/6N x PWK,2016-08-12T10:25:00Z,1,H3K27Me3,Diagenode,E6.5 epiblast,,,1
SRR4022251,ChIP-Seq,252,17055787392,PRJNA309055,SAMN04419971,6474662741,GEO,public,"fastq,run.zq,sra","gs,ncbi,s3","gs.us-east1,ncbi.public,s3.us-east-1",SRX1533831,GSM2041082,Illumina HiSeq 1500,PAIRED,ChIP,GENOMIC,Mus musculus,ILLUMINA,2016-09-15T00:00:00Z,GSM2041082,E6.5 epiblast,SRP068549,C57BL/6N x PWK,2016-08-12T10:28:00Z,1,H3K27Me3,Diagenode,E6.5 epiblast,,,1
SRR4022252,ChIP-Seq,202,1908991102,PRJNA309055,SAMN04419972,1102274145,GEO,public,"fastq,run.zq,sra","gs,ncbi,s3","gs.us-east1,ncbi.public,s3.us-east-1",SRX1533832,GSM2041083,Illumina HiSeq 1500,PAIRED,ChIP,GENOMIC,Mus musculus,ILLUMINA,2016-09-15T00:00:00Z,GSM2041083,E6.5 epiblast,SRP068549,C57BL/6N x PWK,2016-08-12T10:02:00Z,1,H3K27Me3,Diagenode,E6.5 epiblast,,,1
SRR3105392,ChIP-Seq,252,929242440,PRJNA309055,SAMN04419955,351675003,GEO,public,"fastq,run.zq,sra","gs,ncbi,s3","gs.us-east1,ncbi.public,s3.us-east-1",SRX1533815,GSM2041066,Illumina HiSeq 1500,SINGLE,ChIP,GENOMIC,Mus musculus,ILLUMINA,2016-09-15T00:00:00Z,GSM2041066,Mature sperm,SRP068549,PWK,2016-01-18T09:56:00Z,1,H3K27Me3,Diagenode,Mature sperm,,,1
SRR3105409,ChIP-Seq,252,31619946960,PRJNA309055,SAMN04419966,11919820988,GEO,public,"fastq,run.zq,sra","gs,ncbi,s3","gs.us-east1,ncbi.public,s3.us-east-1",SRX1533826,GSM2041077,Illumina HiSeq 1500,PAIRED,ChIP,GENOMIC,Mus musculus,ILLUMINA,2016-09-15T00:00:00Z,GSM2041077,Preimplantation embryo,SRP068549,C57BL/6N x PWK,2016-01-18T11:03:00Z,1,H3K27Me3,Diagenode,Preimplantation embryo,,,1
SRR4022245,ChIP-Seq,101,3714146124,PRJNA309055,SAMN04419967,2511672139,GEO,public,"fastq,run.zq,sra","gs,ncbi,s3","gs.us-east1,ncbi.public,s3.us-east-1",SRX1533827,GSM2041078,Illumina HiSeq 1500,SINGLE,ChIP,GENOMIC,Mus musculus,ILLUMINA,2016-09-15T00:00:00Z,GSM2041078,Inner cell mass,SRP068549,C57BL/6N x PWK,2016-08-12T10:13:00Z,1,H3K27Me3,Diagenode,Inner cell mass,,,0
SRR4022246,ChIP-Seq,202,4329806774,PRJNA309055,SAMN04419968,2504458709,GEO,public,"fastq,run.zq,sra","gs,ncbi,s3","gs.us-east1,ncbi.public,s3.us-east-1",SRX1533828,GSM2041079,Illumina HiSeq 1500,PAIRED,ChIP,GENOMIC,Mus musculus,ILLUMINA,2016-09-15T00:00:00Z,GSM2041079,Inner cell mass,SRP068549,C57BL/6N x PWK,2016-08-12T10:17:00Z,1,H3K27Me3,Diagenode,Inner cell mass,,,1
SRR4022247,ChIP-Seq,252,10574434080,PRJNA309055,SAMN04419968,3990999841,GEO,public,"fastq,run.zq,sra","gs,ncbi,s3","gs.us-east1,ncbi.public,s3.us-east-1",SRX1533828,GSM2041079,Illumina HiSeq 1500,PAIRED,ChIP,GENOMIC,Mus musculus,ILLUMINA,2016-09-15T00:00:00Z,GSM2041079,Inner cell mass,SRP068549,C57BL/6N x PWK,2016-08-12T10:36:00Z,1,H3K27Me3,Diagenode,Inner cell mass,,,1
SRR4022248,ChIP-Seq,202,6329155102,PRJNA309055,SAMN04419969,3728174365,GEO,public,"fastq,run.zq,sra","gs,ncbi,s3","gs.us-east1,ncbi.public,s3.us-east-1",SRX1533829,GSM2041080,Illumina HiSeq 1500,PAIRED,ChIP,GENOMIC,Mus musculus,ILLUMINA,2016-09-15T00:00:00Z,GSM2041080,E5.5 epiblast,SRP068549,C57BL/6N x PWK,2016-08-12T10:13:00Z,1,H3K27Me3,Diagenode,E5.5 epiblast,,,1
SRR4022249,ChIP-Seq,252,12896470944,PRJNA309055,SAMN04419969,5165630911,GEO,public,"fastq,run.zq,sra","gs,ncbi,s3","gs.us-east1,ncbi.public,s3.us-east-1",SRX1533829,GSM2041080,Illumina HiSeq 1500,PAIRED,ChIP,GENOMIC,Mus musculus,ILLUMINA,2016-09-15T00:00:00Z,GSM2041080,E5.5 epiblast,SRP068549,C57BL/6N x PWK,2016-08-12T10:30:00Z,1,H3K27Me3,Diagenode,E5.5 epiblast,,,1
SRR4022253,ChIP-Seq,252,5803237188,PRJNA309055,SAMN04419972,2318554929,GEO,public,"fastq,run.zq,sra","gs,ncbi,s3","gs.us-east1,ncbi.public,s3.us-east-1",SRX1533832,GSM2041083,Illumina HiSeq 1500,PAIRED,ChIP,GENOMIC,Mus musculus,ILLUMINA,2016-09-15T00:00:00Z,GSM2041083,E6.5 epiblast,SRP068549,C57BL/6N x PWK,2016-08-12T10:12:00Z,1,H3K27Me3,Diagenode,E6.5 epiblast,,,1
