Run,Assay Type,AvgSpotLen,Bases,BioProject,BioSample,Bytes,Center Name,Collection_Date,Consent,DATASTORE filetype,DATASTORE provider,DATASTORE region,embryo_type,Experiment,geo_loc_name_country,geo_loc_name_country_continent,geo_loc_name,Instrument,Library Name,LibraryLayout,LibrarySelection,LibrarySource,Organism,Platform,ReleaseDate,create_date,version,Sample Name,source_name,SRA Study,strain,embryo_type_in_silico,methods,antibody,Developmental_Stage,tissue,need
SRR35669947,ChIP-Seq,222,9929325624,PRJNA1336237,SAMN52066019,3166556896,"AGRICULTURAL SCIENCE, KOBE UNIVERSITY",missing,public,"run.zq,fastq,sra","gs,s3,ncbi","gs.us-east1,s3.us-east-1,ncbi.public",P1PN,SRX30721676,uncalculated,uncalculated,missing,NextSeq 2000,GSM9269065,PAIRED,ChIP,GENOMIC,Mus musculus,ILLUMINA,2026-02-24T00:00:00Z,2025-09-29T20:27:00Z,1,GSM9269065,embryo,SRP629632,,,,H3K27me3,Zygote,embryo,0
SRR35669948,ChIP-Seq,222,7614942324,PRJNA1336237,SAMN52066020,2455274629,"AGRICULTURAL SCIENCE, KOBE UNIVERSITY",missing,public,"fastq,run.zq,sra","s3,ncbi,gs","ncbi.public,gs.us-east1,s3.us-east-1",P1PN,SRX30721675,uncalculated,uncalculated,missing,NextSeq 2000,GSM9269064,PAIRED,ChIP,GENOMIC,Mus musculus,ILLUMINA,2026-02-24T00:00:00Z,2025-09-29T20:23:00Z,1,GSM9269064,embryo,SRP629632,,,,H3K27me3,Zygote,embryo,0
SRR35669949,ChIP-Seq,222,8413726962,PRJNA1336237,SAMN52066021,2681433604,"AGRICULTURAL SCIENCE, KOBE UNIVERSITY",missing,public,"fastq,sra,run.zq","s3,ncbi,gs","s3.us-east-1,ncbi.public,gs.us-east1",AG,SRX30721674,uncalculated,uncalculated,missing,NextSeq 2000,GSM9269063,PAIRED,ChIP,GENOMIC,Mus musculus,ILLUMINA,2026-02-24T00:00:00Z,2025-09-29T20:26:00Z,1,GSM9269063,embryo,SRP629632,,,,H3K27me3,Zygote,embryo,1
SRR35669950,ChIP-Seq,222,6165424626,PRJNA1336237,SAMN52066022,1977379068,"AGRICULTURAL SCIENCE, KOBE UNIVERSITY",missing,public,"run.zq,sra,fastq","gs,ncbi,s3","ncbi.public,gs.us-east1,s3.us-east-1",AG,SRX30721673,uncalculated,uncalculated,missing,NextSeq 2000,GSM9269062,PAIRED,ChIP,GENOMIC,Mus musculus,ILLUMINA,2026-02-24T00:00:00Z,2025-09-29T20:23:00Z,1,GSM9269062,embryo,SRP629632,,,,H3K27me3,Zygote,embryo,1
SRR35669951,ChIP-Seq,222,8956763160,PRJNA1336237,SAMN52066023,2866964270,"AGRICULTURAL SCIENCE, KOBE UNIVERSITY",missing,public,"fastq,sra,run.zq","ncbi,s3,gs","gs.us-east1,ncbi.public,s3.us-east-1",PG,SRX30721672,uncalculated,uncalculated,missing,NextSeq 2000,GSM9269061,PAIRED,ChIP,GENOMIC,Mus musculus,ILLUMINA,2026-02-24T00:00:00Z,2025-09-29T20:24:00Z,1,GSM9269061,embryo,SRP629632,,,,H3K27me3,Zygote,embryo,1
SRR35669952,ChIP-Seq,222,7582711698,PRJNA1336237,SAMN52066024,2423338544,"AGRICULTURAL SCIENCE, KOBE UNIVERSITY",missing,public,"fastq,run.zq,sra","s3,gs,ncbi","gs.us-east1,ncbi.public,s3.us-east-1",PG,SRX30721671,uncalculated,uncalculated,missing,NextSeq 2000,GSM9269060,PAIRED,ChIP,GENOMIC,Mus musculus,ILLUMINA,2026-02-24T00:00:00Z,2025-09-29T20:24:00Z,1,GSM9269060,embryo,SRP629632,,,,H3K27me3,Zygote,embryo,1
SRR35669953,ChIP-Seq,222,10479610788,PRJNA1336237,SAMN52066025,3331005689,"AGRICULTURAL SCIENCE, KOBE UNIVERSITY",missing,public,"sra,fastq,run.zq","s3,gs,ncbi","gs.us-east1,ncbi.public,s3.us-east-1",2PN,SRX30721670,uncalculated,uncalculated,missing,NextSeq 2000,GSM9269059,PAIRED,ChIP,GENOMIC,Mus musculus,ILLUMINA,2026-02-24T00:00:00Z,2025-09-29T20:25:00Z,1,GSM9269059,embryo,SRP629632,,,,H3K27me3,Zygote,embryo,1
SRR35669954,ChIP-Seq,222,9102006660,PRJNA1336237,SAMN52066026,2909540348,"AGRICULTURAL SCIENCE, KOBE UNIVERSITY",missing,public,"sra,run.zq,fastq","ncbi,gs,s3","s3.us-east-1,ncbi.public,gs.us-east1",2PN,SRX30721669,uncalculated,uncalculated,missing,NextSeq 2000,GSM9269058,PAIRED,ChIP,GENOMIC,Mus musculus,ILLUMINA,2026-02-24T00:00:00Z,2025-09-29T20:25:00Z,1,GSM9269058,embryo,SRP629632,,,,H3K27me3,Zygote,embryo,1
SRR35669963,ChIP-Seq,222,6315299490,PRJNA1336237,SAMN52066035,1966664651,"AGRICULTURAL SCIENCE, KOBE UNIVERSITY",missing,public,"run.zq,fastq,sra","s3,gs,ncbi","s3.us-east-1,gs.us-east1,ncbi.public",P1PN,SRX30721660,uncalculated,uncalculated,missing,NextSeq 2000,GSM9269049,PAIRED,ChIP,GENOMIC,Mus musculus,ILLUMINA,2026-02-24T00:00:00Z,2025-09-29T20:23:00Z,1,GSM9269049,embryo,SRP629632,,,,H3K4me3,Zygote,embryo,0
SRR35669964,ChIP-Seq,222,4768802424,PRJNA1336237,SAMN52066036,1475407180,"AGRICULTURAL SCIENCE, KOBE UNIVERSITY",missing,public,"fastq,run.zq,sra","gs,s3,ncbi","gs.us-east1,ncbi.public,s3.us-east-1",P1PN,SRX30721659,uncalculated,uncalculated,missing,NextSeq 2000,GSM9269048,PAIRED,ChIP,GENOMIC,Mus musculus,ILLUMINA,2026-02-24T00:00:00Z,2025-09-29T20:24:00Z,1,GSM9269048,embryo,SRP629632,,,,H3K4me3,Zygote,embryo,0
SRR35669965,ChIP-Seq,222,6189705432,PRJNA1336237,SAMN52066037,1917944022,"AGRICULTURAL SCIENCE, KOBE UNIVERSITY",missing,public,"sra,fastq,run.zq","gs,s3,ncbi","ncbi.public,gs.us-east1,s3.us-east-1",AG,SRX30721658,uncalculated,uncalculated,missing,NextSeq 2000,GSM9269047,PAIRED,ChIP,GENOMIC,Mus musculus,ILLUMINA,2026-02-24T00:00:00Z,2025-09-29T20:25:00Z,1,GSM9269047,embryo,SRP629632,,,,H3K4me3,Zygote,embryo,1
SRR35669966,ChIP-Seq,222,5169565482,PRJNA1336237,SAMN52066038,1600008617,"AGRICULTURAL SCIENCE, KOBE UNIVERSITY",missing,public,"run.zq,sra,fastq","s3,gs,ncbi","s3.us-east-1,gs.us-east1,ncbi.public",AG,SRX30721657,uncalculated,uncalculated,missing,NextSeq 2000,GSM9269046,PAIRED,ChIP,GENOMIC,Mus musculus,ILLUMINA,2026-02-24T00:00:00Z,2025-09-29T20:24:00Z,1,GSM9269046,embryo,SRP629632,,,,H3K4me3,Zygote,embryo,1
SRR35669967,ChIP-Seq,222,6334265616,PRJNA1336237,SAMN52066039,1958091607,"AGRICULTURAL SCIENCE, KOBE UNIVERSITY",missing,public,"fastq,sra,run.zq","s3,ncbi,gs","gs.us-east1,s3.us-east-1,ncbi.public",PG,SRX30721656,uncalculated,uncalculated,missing,NextSeq 2000,GSM9269045,PAIRED,ChIP,GENOMIC,Mus musculus,ILLUMINA,2026-02-24T00:00:00Z,2025-09-29T20:24:00Z,1,GSM9269045,embryo,SRP629632,,,,H3K4me3,Zygote,embryo,1
SRR35669968,ChIP-Seq,222,5243109864,PRJNA1336237,SAMN52066040,1615129227,"AGRICULTURAL SCIENCE, KOBE UNIVERSITY",missing,public,"run.zq,fastq,sra","s3,ncbi,gs","ncbi.public,s3.us-east-1,gs.us-east1",PG,SRX30721655,uncalculated,uncalculated,missing,NextSeq 2000,GSM9269044,PAIRED,ChIP,GENOMIC,Mus musculus,ILLUMINA,2026-02-24T00:00:00Z,2025-09-29T20:24:00Z,1,GSM9269044,embryo,SRP629632,,,,H3K4me3,Zygote,embryo,1
SRR35669969,ChIP-Seq,222,5579095098,PRJNA1336237,SAMN52066041,1735677259,"AGRICULTURAL SCIENCE, KOBE UNIVERSITY",missing,public,"run.zq,sra,fastq","gs,ncbi,s3","s3.us-east-1,ncbi.public,gs.us-east1",2PN,SRX30721654,uncalculated,uncalculated,missing,NextSeq 2000,GSM9269043,PAIRED,ChIP,GENOMIC,Mus musculus,ILLUMINA,2026-02-24T00:00:00Z,2025-09-29T20:23:00Z,1,GSM9269043,embryo,SRP629632,,,,H3K4me3,Zygote,embryo,1
SRR35669970,ChIP-Seq,222,4777434006,PRJNA1336237,SAMN52066042,1477734048,"AGRICULTURAL SCIENCE, KOBE UNIVERSITY",missing,public,"sra,fastq,run.zq","ncbi,gs,s3","ncbi.public,gs.us-east1,s3.us-east-1",2PN,SRX30721653,uncalculated,uncalculated,missing,NextSeq 2000,GSM9269042,PAIRED,ChIP,GENOMIC,Mus musculus,ILLUMINA,2026-02-24T00:00:00Z,2025-09-29T20:23:00Z,1,GSM9269042,embryo,SRP629632,,,,H3K4me3,Zygote,embryo,1
SRR24442068,RNA-Seq,302,1750328580,PRJNA967384,SAMN34590195,750612477,"AGRICULTURAL SCIENCE, KOBE UNIVERSITY",missing,public,"run.zq,sra,fastq","ncbi,gs,s3","ncbi.public,gs.us-east1,s3.us-east-1",2PN,SRX20229477,uncalculated,uncalculated,missing,HiSeq X Ten,GSM7299854,PAIRED,cDNA,TRANSCRIPTOMIC,Mus musculus,ILLUMINA,2026-02-24T00:00:00Z,2023-05-04T20:20:00Z,1,GSM7299854,a single two cell embryo,SRP436012,JF1/MsxC57BL/6,2PN,RNA-seq,,,,1
SRR24442069,RNA-Seq,302,1867028024,PRJNA967384,SAMN34590196,781827784,"AGRICULTURAL SCIENCE, KOBE UNIVERSITY",missing,public,"fastq,sra,run.zq","s3,gs,ncbi","ncbi.public,gs.us-east1,s3.us-east-1",2PN,SRX20229476,uncalculated,uncalculated,missing,HiSeq X Ten,GSM7299853,PAIRED,cDNA,TRANSCRIPTOMIC,Mus musculus,ILLUMINA,2026-02-24T00:00:00Z,2023-05-04T20:24:00Z,1,GSM7299853,a single two cell embryo,SRP436012,JF1/MsxC57BL/6,2PN,RNA-seq,,,,1
SRR24442070,RNA-Seq,302,2028723656,PRJNA967384,SAMN34590197,843670043,"AGRICULTURAL SCIENCE, KOBE UNIVERSITY",missing,public,"fastq,sra,run.zq","gs,s3,ncbi","s3.us-east-1,gs.us-east1,ncbi.public",2PN,SRX20229475,uncalculated,uncalculated,missing,HiSeq X Ten,GSM7299852,PAIRED,cDNA,TRANSCRIPTOMIC,Mus musculus,ILLUMINA,2026-02-24T00:00:00Z,2023-05-04T20:19:00Z,1,GSM7299852,a single two cell embryo,SRP436012,JF1/MsxC57BL/6,Low quality,RNA-seq,,,,0
SRR24442071,RNA-Seq,302,1770263298,PRJNA967384,SAMN34590198,764064769,"AGRICULTURAL SCIENCE, KOBE UNIVERSITY",missing,public,"sra,run.zq,fastq","s3,ncbi,gs","s3.us-east-1,ncbi.public,gs.us-east1",2PN,SRX20229474,uncalculated,uncalculated,missing,HiSeq X Ten,GSM7299851,PAIRED,cDNA,TRANSCRIPTOMIC,Mus musculus,ILLUMINA,2026-02-24T00:00:00Z,2023-05-04T20:19:00Z,1,GSM7299851,a single two cell embryo,SRP436012,JF1/MsxC57BL/6,2PN,RNA-seq,,,,1
SRR24442072,RNA-Seq,302,1738515246,PRJNA967384,SAMN34590199,745906673,"AGRICULTURAL SCIENCE, KOBE UNIVERSITY",missing,public,"run.zq,fastq,sra","ncbi,gs,s3","ncbi.public,s3.us-east-1,gs.us-east1",2PN,SRX20229473,uncalculated,uncalculated,missing,HiSeq X Ten,GSM7299850,PAIRED,cDNA,TRANSCRIPTOMIC,Mus musculus,ILLUMINA,2026-02-24T00:00:00Z,2023-05-04T20:22:00Z,1,GSM7299850,a single two cell embryo,SRP436012,JF1/MsxC57BL/6,2PN,RNA-seq,,,,1
SRR24442073,RNA-Seq,302,2267592972,PRJNA967384,SAMN34590200,986183715,"AGRICULTURAL SCIENCE, KOBE UNIVERSITY",missing,public,"fastq,sra,run.zq","gs,s3,ncbi","gs.us-east1,s3.us-east-1,ncbi.public",2PN,SRX20229472,uncalculated,uncalculated,missing,HiSeq X Ten,GSM7299849,PAIRED,cDNA,TRANSCRIPTOMIC,Mus musculus,ILLUMINA,2026-02-24T00:00:00Z,2023-05-04T20:23:00Z,1,GSM7299849,a single two cell embryo,SRP436012,JF1/MsxC57BL/6,2PN,RNA-seq,,,,0
SRR24442074,RNA-Seq,302,2055440690,PRJNA967384,SAMN34590201,874983091,"AGRICULTURAL SCIENCE, KOBE UNIVERSITY",missing,public,"fastq,run.zq,sra","gs,ncbi,s3","s3.us-east-1,gs.us-east1,ncbi.public",1PN,SRX20229471,uncalculated,uncalculated,missing,HiSeq X Ten,GSM7299848,PAIRED,cDNA,TRANSCRIPTOMIC,Mus musculus,ILLUMINA,2026-02-24T00:00:00Z,2023-05-04T20:22:00Z,1,GSM7299848,a single two cell embryo,SRP436012,JF1/MsxC57BL/6,Parthenote,RNA-seq,,,,0
SRR24442075,RNA-Seq,302,2106188770,PRJNA967384,SAMN34590202,887773269,"AGRICULTURAL SCIENCE, KOBE UNIVERSITY",missing,public,"sra,fastq,run.zq","ncbi,gs,s3","s3.us-east-1,gs.us-east1,ncbi.public",2PN,SRX20229470,uncalculated,uncalculated,missing,HiSeq X Ten,GSM7299847,PAIRED,cDNA,TRANSCRIPTOMIC,Mus musculus,ILLUMINA,2026-02-24T00:00:00Z,2023-05-04T20:22:00Z,1,GSM7299847,a single two cell embryo,SRP436012,C57BL/6 xJF1/Ms,2PN,RNA-seq,,,,1
SRR24442076,RNA-Seq,302,2049643800,PRJNA967384,SAMN34590203,869106285,"AGRICULTURAL SCIENCE, KOBE UNIVERSITY",missing,public,"fastq,sra,run.zq","gs,s3,ncbi","gs.us-east1,ncbi.public,s3.us-east-1",2PN,SRX20229469,uncalculated,uncalculated,missing,HiSeq X Ten,GSM7299846,PAIRED,cDNA,TRANSCRIPTOMIC,Mus musculus,ILLUMINA,2026-02-24T00:00:00Z,2023-05-04T20:22:00Z,1,GSM7299846,a single two cell embryo,SRP436012,C57BL/6 xJF1/Ms,2PN,RNA-seq,,,,1
SRR24442077,RNA-Seq,302,2679344000,PRJNA967384,SAMN34590204,1128737564,"AGRICULTURAL SCIENCE, KOBE UNIVERSITY",missing,public,"fastq,sra,run.zq","s3,gs,ncbi","s3.us-east-1,ncbi.public,gs.us-east1",2PN,SRX20229468,uncalculated,uncalculated,missing,HiSeq X Ten,GSM7299845,PAIRED,cDNA,TRANSCRIPTOMIC,Mus musculus,ILLUMINA,2026-02-24T00:00:00Z,2023-05-04T20:22:00Z,1,GSM7299845,a single two cell embryo,SRP436012,C57BL/6 xJF1/Ms,2PN,RNA-seq,,,,1
SRR24442078,RNA-Seq,302,1591608554,PRJNA967384,SAMN34590205,681187275,"AGRICULTURAL SCIENCE, KOBE UNIVERSITY",missing,public,"run.zq,sra,fastq","gs,s3,ncbi","gs.us-east1,ncbi.public,s3.us-east-1",2PN,SRX20229467,uncalculated,uncalculated,missing,HiSeq X Ten,GSM7299844,PAIRED,cDNA,TRANSCRIPTOMIC,Mus musculus,ILLUMINA,2026-02-24T00:00:00Z,2023-05-04T20:21:00Z,1,GSM7299844,a single two cell embryo,SRP436012,C57BL/6 xJF1/Ms,2PN,RNA-seq,,,,1
SRR24442079,RNA-Seq,302,2055938386,PRJNA967384,SAMN34590206,872317973,"AGRICULTURAL SCIENCE, KOBE UNIVERSITY",missing,public,"run.zq,sra,fastq","ncbi,gs,s3","s3.us-east-1,gs.us-east1,ncbi.public",2PN,SRX20229466,uncalculated,uncalculated,missing,HiSeq X Ten,GSM7299843,PAIRED,cDNA,TRANSCRIPTOMIC,Mus musculus,ILLUMINA,2026-02-24T00:00:00Z,2023-05-04T20:22:00Z,1,GSM7299843,a single two cell embryo,SRP436012,C57BL/6 xJF1/Ms,2PN,RNA-seq,,,,1
SRR24442080,RNA-Seq,302,2576576420,PRJNA967384,SAMN34590207,1083395016,"AGRICULTURAL SCIENCE, KOBE UNIVERSITY",missing,public,"run.zq,sra,fastq","gs,ncbi,s3","ncbi.public,gs.us-east1,s3.us-east-1",2PN,SRX20229465,uncalculated,uncalculated,missing,HiSeq X Ten,GSM7299842,PAIRED,cDNA,TRANSCRIPTOMIC,Mus musculus,ILLUMINA,2026-02-24T00:00:00Z,2023-05-04T20:24:00Z,1,GSM7299842,a single two cell embryo,SRP436012,C57BL/6 xJF1/Ms,2PN,RNA-seq,,,,1
SRR24442081,RNA-Seq,302,2054061758,PRJNA967384,SAMN34590208,880510626,"AGRICULTURAL SCIENCE, KOBE UNIVERSITY",missing,public,"run.zq,sra,fastq","gs,s3,ncbi","gs.us-east1,ncbi.public,s3.us-east-1",2PN,SRX20229464,uncalculated,uncalculated,missing,HiSeq X Ten,GSM7299841,PAIRED,cDNA,TRANSCRIPTOMIC,Mus musculus,ILLUMINA,2026-02-24T00:00:00Z,2023-05-04T20:23:00Z,1,GSM7299841,a single two cell embryo,SRP436012,C57BL/6 xJF1/Ms,2PN,RNA-seq,,,,1
SRR24442082,RNA-Seq,302,2515024290,PRJNA967384,SAMN34590209,1069640843,"AGRICULTURAL SCIENCE, KOBE UNIVERSITY",missing,public,"fastq,sra,run.zq","s3,gs,ncbi","s3.us-east-1,ncbi.public,gs.us-east1",2PN,SRX20229463,uncalculated,uncalculated,missing,HiSeq X Ten,GSM7299840,PAIRED,cDNA,TRANSCRIPTOMIC,Mus musculus,ILLUMINA,2026-02-24T00:00:00Z,2023-05-04T20:22:00Z,1,GSM7299840,a single two cell embryo,SRP436012,C57BL/6 xJF1/Ms,2PN,RNA-seq,,,,1
SRR24442083,RNA-Seq,302,2368704988,PRJNA967384,SAMN34590210,1005745452,"AGRICULTURAL SCIENCE, KOBE UNIVERSITY",missing,public,"run.zq,sra,fastq","s3,gs,ncbi","s3.us-east-1,ncbi.public,gs.us-east1",2PN,SRX20229462,uncalculated,uncalculated,missing,HiSeq X Ten,GSM7299839,PAIRED,cDNA,TRANSCRIPTOMIC,Mus musculus,ILLUMINA,2026-02-24T00:00:00Z,2023-05-04T20:20:00Z,1,GSM7299839,a single two cell embryo,SRP436012,C57BL/6 xJF1/Ms,2PN,RNA-seq,,,,1
SRR24442084,RNA-Seq,302,2416893920,PRJNA967384,SAMN34590211,1015987450,"AGRICULTURAL SCIENCE, KOBE UNIVERSITY",missing,public,"run.zq,fastq,sra","ncbi,gs,s3","ncbi.public,gs.us-east1,s3.us-east-1",2PN,SRX20229461,uncalculated,uncalculated,missing,HiSeq X Ten,GSM7299838,PAIRED,cDNA,TRANSCRIPTOMIC,Mus musculus,ILLUMINA,2026-02-24T00:00:00Z,2023-05-04T20:23:00Z,1,GSM7299838,a single two cell embryo,SRP436012,C57BL/6 xJF1/Ms,2PN,RNA-seq,,,,1
SRR24442085,RNA-Seq,302,2496822146,PRJNA967384,SAMN34590212,1051711862,"AGRICULTURAL SCIENCE, KOBE UNIVERSITY",missing,public,"fastq,run.zq,sra","s3,gs,ncbi","s3.us-east-1,ncbi.public,gs.us-east1",2PN,SRX20229460,uncalculated,uncalculated,missing,HiSeq X Ten,GSM7299837,PAIRED,cDNA,TRANSCRIPTOMIC,Mus musculus,ILLUMINA,2026-02-24T00:00:00Z,2023-05-04T20:24:00Z,1,GSM7299837,a single two cell embryo,SRP436012,C57BL/6 xJF1/Ms,2PN,RNA-seq,,,,1
SRR24442086,RNA-Seq,302,2329004370,PRJNA967384,SAMN34590213,982998232,"AGRICULTURAL SCIENCE, KOBE UNIVERSITY",missing,public,"sra,fastq,run.zq","s3,ncbi,gs","s3.us-east-1,gs.us-east1,ncbi.public",2PN,SRX20229459,uncalculated,uncalculated,missing,HiSeq X Ten,GSM7299836,PAIRED,cDNA,TRANSCRIPTOMIC,Mus musculus,ILLUMINA,2026-02-24T00:00:00Z,2023-05-04T20:31:00Z,1,GSM7299836,a single two cell embryo,SRP436012,C57BL/6 xJF1/Ms,2PN,RNA-seq,,,,1
SRR24442087,RNA-Seq,302,2321835494,PRJNA967384,SAMN34590214,981185136,"AGRICULTURAL SCIENCE, KOBE UNIVERSITY",missing,public,"run.zq,sra,fastq","s3,ncbi,gs","ncbi.public,gs.us-east1,s3.us-east-1",2PN,SRX20229458,uncalculated,uncalculated,missing,HiSeq X Ten,GSM7299835,PAIRED,cDNA,TRANSCRIPTOMIC,Mus musculus,ILLUMINA,2026-02-24T00:00:00Z,2023-05-04T20:23:00Z,1,GSM7299835,a single two cell embryo,SRP436012,C57BL/6 xJF1/Ms,2PN,RNA-seq,,,,1
SRR24442088,RNA-Seq,302,2152918438,PRJNA967384,SAMN34590215,894722032,"AGRICULTURAL SCIENCE, KOBE UNIVERSITY",missing,public,"sra,fastq,run.zq","s3,ncbi,gs","s3.us-east-1,gs.us-east1,ncbi.public",2PN,SRX20229457,uncalculated,uncalculated,missing,HiSeq X Ten,GSM7299834,PAIRED,cDNA,TRANSCRIPTOMIC,Mus musculus,ILLUMINA,2026-02-24T00:00:00Z,2023-05-04T20:23:00Z,1,GSM7299834,a single two cell embryo,SRP436012,C57BL/6 xJF1/Ms,2PN,RNA-seq,,,,1
SRR24442089,RNA-Seq,302,2409743768,PRJNA967384,SAMN34590216,1017671865,"AGRICULTURAL SCIENCE, KOBE UNIVERSITY",missing,public,"sra,run.zq,fastq","gs,ncbi,s3","ncbi.public,gs.us-east1,s3.us-east-1",1PN,SRX20229456,uncalculated,uncalculated,missing,HiSeq X Ten,GSM7299833,PAIRED,cDNA,TRANSCRIPTOMIC,Mus musculus,ILLUMINA,2026-02-24T00:00:00Z,2023-05-04T20:22:00Z,1,GSM7299833,a single two cell embryo,SRP436012,C57BL/6 xJF1/Ms,Parthenote,RNA-seq,,,,0
SRR24442090,RNA-Seq,302,2402584556,PRJNA967384,SAMN34590217,1015284732,"AGRICULTURAL SCIENCE, KOBE UNIVERSITY",missing,public,"run.zq,sra,fastq","s3,ncbi,gs","ncbi.public,gs.us-east1,s3.us-east-1",1PN,SRX20229435,uncalculated,uncalculated,missing,HiSeq X Ten,GSM7299832,PAIRED,cDNA,TRANSCRIPTOMIC,Mus musculus,ILLUMINA,2026-02-24T00:00:00Z,2023-05-04T20:23:00Z,1,GSM7299832,a single two cell embryo,SRP436012,C57BL/6 xJF1/Ms,1PN,RNA-seq,,,,0
SRR24442091,RNA-Seq,151,2187173241,PRJNA967384,SAMN34590258,938993525,"AGRICULTURAL SCIENCE, KOBE UNIVERSITY",missing,public,"run.zq,fastq,sra","gs,ncbi,s3","gs.us-east1,s3.us-east-1,ncbi.public",2PN,SRX20229454,uncalculated,uncalculated,missing,HiSeq X Ten,GSM7299791,PAIRED,cDNA,TRANSCRIPTOMIC,Mus musculus,ILLUMINA,2026-02-24T00:00:00Z,2023-05-04T20:24:00Z,1,GSM7299791,a single two cell embryo,SRP436012,JF1/MsxC57BL/6,2PN,RNA-seq,,,,1
SRR24442092,RNA-Seq,151,2335237197,PRJNA967384,SAMN34590259,1047135703,"AGRICULTURAL SCIENCE, KOBE UNIVERSITY",missing,public,"fastq,sra,run.zq","gs,s3,ncbi","gs.us-east1,ncbi.public,s3.us-east-1",2PN,SRX20229453,uncalculated,uncalculated,missing,HiSeq X Ten,GSM7299790,PAIRED,cDNA,TRANSCRIPTOMIC,Mus musculus,ILLUMINA,2026-02-24T00:00:00Z,2023-05-04T20:21:00Z,1,GSM7299790,a single two cell embryo,SRP436012,JF1/MsxC57BL/6,2PN,RNA-seq,,,,1
SRR24442093,RNA-Seq,151,2453568649,PRJNA967384,SAMN34590260,1048747702,"AGRICULTURAL SCIENCE, KOBE UNIVERSITY",missing,public,"sra,fastq,run.zq","s3,gs,ncbi","s3.us-east-1,gs.us-east1,ncbi.public",2PN,SRX20229452,uncalculated,uncalculated,missing,HiSeq X Ten,GSM7299789,PAIRED,cDNA,TRANSCRIPTOMIC,Mus musculus,ILLUMINA,2026-02-24T00:00:00Z,2023-05-04T20:21:00Z,1,GSM7299789,a single two cell embryo,SRP436012,JF1/MsxC57BL/6,2PN,RNA-seq,,,,1
SRR24442094,RNA-Seq,151,2354775842,PRJNA967384,SAMN34590261,996615097,"AGRICULTURAL SCIENCE, KOBE UNIVERSITY",missing,public,"fastq,run.zq,sra","gs,s3,ncbi","gs.us-east1,ncbi.public,s3.us-east-1",2PN,SRX20229451,uncalculated,uncalculated,missing,HiSeq X Ten,GSM7299788,PAIRED,cDNA,TRANSCRIPTOMIC,Mus musculus,ILLUMINA,2026-02-24T00:00:00Z,2023-05-04T20:23:00Z,1,GSM7299788,a single two cell embryo,SRP436012,JF1/MsxC57BL/6,2PN,RNA-seq,,,,1
SRR24442095,RNA-Seq,151,2244964263,PRJNA967384,SAMN34590262,969327510,"AGRICULTURAL SCIENCE, KOBE UNIVERSITY",missing,public,"sra,fastq,run.zq","ncbi,gs,s3","s3.us-east-1,ncbi.public,gs.us-east1",2PN,SRX20229450,uncalculated,uncalculated,missing,HiSeq X Ten,GSM7299787,PAIRED,cDNA,TRANSCRIPTOMIC,Mus musculus,ILLUMINA,2026-02-24T00:00:00Z,2023-05-04T20:23:00Z,1,GSM7299787,a single two cell embryo,SRP436012,JF1/MsxC57BL/6,2PN,RNA-seq,,,,1
SRR24442096,RNA-Seq,151,2144584446,PRJNA967384,SAMN34590263,918545603,"AGRICULTURAL SCIENCE, KOBE UNIVERSITY",missing,public,"run.zq,fastq,sra","s3,gs,ncbi","gs.us-east1,s3.us-east-1,ncbi.public",2PN,SRX20229449,uncalculated,uncalculated,missing,HiSeq X Ten,GSM7299786,PAIRED,cDNA,TRANSCRIPTOMIC,Mus musculus,ILLUMINA,2026-02-24T00:00:00Z,2023-05-04T20:23:00Z,1,GSM7299786,a single two cell embryo,SRP436012,JF1/MsxC57BL/6,2PN,RNA-seq,,,,1
SRR24442097,RNA-Seq,151,2229674305,PRJNA967384,SAMN34590264,954797519,"AGRICULTURAL SCIENCE, KOBE UNIVERSITY",missing,public,"sra,run.zq,fastq","ncbi,gs,s3","ncbi.public,gs.us-east1,s3.us-east-1",2PN,SRX20229448,uncalculated,uncalculated,missing,HiSeq X Ten,GSM7299785,PAIRED,cDNA,TRANSCRIPTOMIC,Mus musculus,ILLUMINA,2026-02-24T00:00:00Z,2023-05-04T20:24:00Z,1,GSM7299785,a single two cell embryo,SRP436012,JF1/MsxC57BL/6,2PN,RNA-seq,,,,1
SRR24442098,RNA-Seq,151,2559101492,PRJNA967384,SAMN34590265,1096103588,"AGRICULTURAL SCIENCE, KOBE UNIVERSITY",missing,public,"sra,run.zq,fastq","gs,ncbi,s3","ncbi.public,s3.us-east-1,gs.us-east1",2PN,SRX20229447,uncalculated,uncalculated,missing,HiSeq X Ten,GSM7299784,PAIRED,cDNA,TRANSCRIPTOMIC,Mus musculus,ILLUMINA,2026-02-24T00:00:00Z,2023-05-04T20:25:00Z,1,GSM7299784,a single two cell embryo,SRP436012,JF1/MsxC57BL/6,2PN,RNA-seq,,,,1
SRR24442099,RNA-Seq,151,2258893107,PRJNA967384,SAMN34590266,968758710,"AGRICULTURAL SCIENCE, KOBE UNIVERSITY",missing,public,"sra,fastq,run.zq","gs,s3,ncbi","s3.us-east-1,ncbi.public,gs.us-east1",1PN,SRX20229446,uncalculated,uncalculated,missing,HiSeq X Ten,GSM7299783,PAIRED,cDNA,TRANSCRIPTOMIC,Mus musculus,ILLUMINA,2026-02-24T00:00:00Z,2023-05-04T20:25:00Z,1,GSM7299783,a single two cell embryo,SRP436012,JF1/MsxC57BL/6,1PN,RNA-seq,,,,1
SRR24442100,RNA-Seq,151,2521126804,PRJNA967384,SAMN34590267,1078570705,"AGRICULTURAL SCIENCE, KOBE UNIVERSITY",missing,public,"run.zq,fastq,sra","s3,gs,ncbi","s3.us-east-1,gs.us-east1,ncbi.public",1PN,SRX20229445,uncalculated,uncalculated,missing,HiSeq X Ten,GSM7299782,PAIRED,cDNA,TRANSCRIPTOMIC,Mus musculus,ILLUMINA,2026-02-24T00:00:00Z,2023-05-04T20:26:00Z,1,GSM7299782,a single two cell embryo,SRP436012,JF1/MsxC57BL/6,1PN,RNA-seq,,,,1
SRR24442101,RNA-Seq,151,2518490797,PRJNA967384,SAMN34590268,1070575406,"AGRICULTURAL SCIENCE, KOBE UNIVERSITY",missing,public,"run.zq,fastq,sra","s3,gs,ncbi","s3.us-east-1,ncbi.public,gs.us-east1",1PN,SRX20229444,uncalculated,uncalculated,missing,HiSeq X Ten,GSM7299781,PAIRED,cDNA,TRANSCRIPTOMIC,Mus musculus,ILLUMINA,2026-02-24T00:00:00Z,2023-05-04T20:25:00Z,1,GSM7299781,a single two cell embryo,SRP436012,JF1/MsxC57BL/6,1PN,RNA-seq,,,,0
SRR24442102,RNA-Seq,151,2522111475,PRJNA967384,SAMN34590269,1087346766,"AGRICULTURAL SCIENCE, KOBE UNIVERSITY",missing,public,"sra,fastq,run.zq","gs,s3,ncbi","ncbi.public,s3.us-east-1,gs.us-east1",1PN,SRX20229443,uncalculated,uncalculated,missing,HiSeq X Ten,GSM7299780,PAIRED,cDNA,TRANSCRIPTOMIC,Mus musculus,ILLUMINA,2026-02-24T00:00:00Z,2023-05-04T20:23:00Z,1,GSM7299780,a single two cell embryo,SRP436012,JF1/MsxC57BL/6,Parthenote,RNA-seq,,,,0
SRR24442103,RNA-Seq,151,2460027674,PRJNA967384,SAMN34590270,1035326569,"AGRICULTURAL SCIENCE, KOBE UNIVERSITY",missing,public,"run.zq,fastq,sra","s3,ncbi,gs","ncbi.public,gs.us-east1,s3.us-east-1",1PN,SRX20229442,uncalculated,uncalculated,missing,HiSeq X Ten,GSM7299779,PAIRED,cDNA,TRANSCRIPTOMIC,Mus musculus,ILLUMINA,2026-02-24T00:00:00Z,2023-05-04T20:25:00Z,1,GSM7299779,a single two cell embryo,SRP436012,JF1/MsxC57BL/6,Parthenote,RNA-seq,,,,0
SRR24442104,RNA-Seq,151,2317518706,PRJNA967384,SAMN34590271,933010262,"AGRICULTURAL SCIENCE, KOBE UNIVERSITY",missing,public,"run.zq,sra,fastq","gs,s3,ncbi","ncbi.public,gs.us-east1,s3.us-east-1",1PN,SRX20229441,uncalculated,uncalculated,missing,HiSeq X Ten,GSM7299778,PAIRED,cDNA,TRANSCRIPTOMIC,Mus musculus,ILLUMINA,2026-02-24T00:00:00Z,2023-05-04T20:25:00Z,1,GSM7299778,a single two cell embryo,SRP436012,JF1/MsxC57BL/6,Parthenote,RNA-seq,,,,0
SRR24442105,RNA-Seq,302,2413969654,PRJNA967384,SAMN34590272,1013216394,"AGRICULTURAL SCIENCE, KOBE UNIVERSITY",missing,public,"sra,fastq,run.zq","s3,gs,ncbi","s3.us-east-1,ncbi.public,gs.us-east1",2PN,SRX20229440,uncalculated,uncalculated,missing,HiSeq X Ten,GSM7299777,PAIRED,cDNA,TRANSCRIPTOMIC,Mus musculus,ILLUMINA,2026-02-24T00:00:00Z,2023-05-04T20:23:00Z,1,GSM7299777,a single two cell embryo,SRP436012,C57BL/6 xJF1/Ms,2PN,RNA-seq,,,,1
SRR24442106,RNA-Seq,302,2102094858,PRJNA967384,SAMN34590273,882975054,"AGRICULTURAL SCIENCE, KOBE UNIVERSITY",missing,public,"sra,run.zq,fastq","gs,s3,ncbi","gs.us-east1,ncbi.public,s3.us-east-1",2PN,SRX20229439,uncalculated,uncalculated,missing,HiSeq X Ten,GSM7299776,PAIRED,cDNA,TRANSCRIPTOMIC,Mus musculus,ILLUMINA,2026-02-24T00:00:00Z,2023-05-04T20:22:00Z,1,GSM7299776,a single two cell embryo,SRP436012,C57BL/6 xJF1/Ms,2PN,RNA-seq,,,,1
SRR24442107,RNA-Seq,302,2923998126,PRJNA967384,SAMN34590274,1235018667,"AGRICULTURAL SCIENCE, KOBE UNIVERSITY",missing,public,"fastq,run.zq,sra","ncbi,gs,s3","ncbi.public,gs.us-east1,s3.us-east-1",2PN,SRX20229438,uncalculated,uncalculated,missing,HiSeq X Ten,GSM7299775,PAIRED,cDNA,TRANSCRIPTOMIC,Mus musculus,ILLUMINA,2026-02-24T00:00:00Z,2023-05-04T20:21:00Z,1,GSM7299775,a single two cell embryo,SRP436012,C57BL/6 xJF1/Ms,2PN,RNA-seq,,,,1
SRR24442108,RNA-Seq,302,2167582652,PRJNA967384,SAMN34590275,914921436,"AGRICULTURAL SCIENCE, KOBE UNIVERSITY",missing,public,"run.zq,fastq,sra","gs,ncbi,s3","ncbi.public,gs.us-east1,s3.us-east-1",2PN,SRX20229437,uncalculated,uncalculated,missing,HiSeq X Ten,GSM7299774,PAIRED,cDNA,TRANSCRIPTOMIC,Mus musculus,ILLUMINA,2026-02-24T00:00:00Z,2023-05-04T20:29:00Z,1,GSM7299774,a single two cell embryo,SRP436012,C57BL/6 xJF1/Ms,2PN,RNA-seq,,,,1
SRR24442109,RNA-Seq,302,2293876032,PRJNA967384,SAMN34590276,972321174,"AGRICULTURAL SCIENCE, KOBE UNIVERSITY",missing,public,"fastq,sra,run.zq","ncbi,gs,s3","s3.us-east-1,ncbi.public,gs.us-east1",2PN,SRX20229436,uncalculated,uncalculated,missing,HiSeq X Ten,GSM7299773,PAIRED,cDNA,TRANSCRIPTOMIC,Mus musculus,ILLUMINA,2026-02-24T00:00:00Z,2023-05-04T20:22:00Z,1,GSM7299773,a single two cell embryo,SRP436012,C57BL/6 xJF1/Ms,2PN,RNA-seq,,,,1
SRR24442110,RNA-Seq,302,2127375278,PRJNA967384,SAMN34590277,936040688,"AGRICULTURAL SCIENCE, KOBE UNIVERSITY",missing,public,"sra,fastq,run.zq","ncbi,s3,gs","gs.us-east1,s3.us-east-1,ncbi.public",2PN,SRX20229395,uncalculated,uncalculated,missing,HiSeq X Ten,GSM7299772,PAIRED,cDNA,TRANSCRIPTOMIC,Mus musculus,ILLUMINA,2026-02-24T00:00:00Z,2023-05-04T20:23:00Z,1,GSM7299772,a single two cell embryo,SRP436012,C57BL/6 xJF1/Ms,2PN,RNA-seq,,,,1
SRR24442111,RNA-Seq,302,2266205886,PRJNA967384,SAMN34590218,962237636,"AGRICULTURAL SCIENCE, KOBE UNIVERSITY",missing,public,"run.zq,fastq,sra","s3,gs,ncbi","ncbi.public,s3.us-east-1,gs.us-east1",1PN,SRX20229434,uncalculated,uncalculated,missing,HiSeq X Ten,GSM7299831,PAIRED,cDNA,TRANSCRIPTOMIC,Mus musculus,ILLUMINA,2026-02-24T00:00:00Z,2023-05-04T20:26:00Z,1,GSM7299831,a single two cell embryo,SRP436012,C57BL/6 xJF1/Ms,1PN,RNA-seq,,,,0
SRR24442112,RNA-Seq,302,2690804598,PRJNA967384,SAMN34590219,1129179876,"AGRICULTURAL SCIENCE, KOBE UNIVERSITY",missing,public,"sra,run.zq,fastq","s3,ncbi,gs","s3.us-east-1,gs.us-east1,ncbi.public",Parthenote,SRX20229433,uncalculated,uncalculated,missing,HiSeq X Ten,GSM7299830,PAIRED,cDNA,TRANSCRIPTOMIC,Mus musculus,ILLUMINA,2026-02-24T00:00:00Z,2023-05-04T20:23:00Z,1,GSM7299830,a single two cell embryo,SRP436012,C57BL/6,Parthenote,RNA-seq,,,,1
SRR24442113,RNA-Seq,302,2268051408,PRJNA967384,SAMN34590220,956814872,"AGRICULTURAL SCIENCE, KOBE UNIVERSITY",missing,public,"run.zq,sra,fastq","ncbi,gs,s3","ncbi.public,gs.us-east1,s3.us-east-1",Parthenote,SRX20229432,uncalculated,uncalculated,missing,HiSeq X Ten,GSM7299829,PAIRED,cDNA,TRANSCRIPTOMIC,Mus musculus,ILLUMINA,2026-02-24T00:00:00Z,2023-05-04T20:23:00Z,1,GSM7299829,a single two cell embryo,SRP436012,C57BL/6,Parthenote,RNA-seq,,,,1
SRR24442114,RNA-Seq,302,2299434342,PRJNA967384,SAMN34590221,970028194,"AGRICULTURAL SCIENCE, KOBE UNIVERSITY",missing,public,"sra,run.zq,fastq","ncbi,gs,s3","s3.us-east-1,gs.us-east1,ncbi.public",Parthenote,SRX20229431,uncalculated,uncalculated,missing,HiSeq X Ten,GSM7299828,PAIRED,cDNA,TRANSCRIPTOMIC,Mus musculus,ILLUMINA,2026-02-24T00:00:00Z,2023-05-04T20:20:00Z,1,GSM7299828,a single two cell embryo,SRP436012,C57BL/6,Parthenote,RNA-seq,,,,1
SRR24442115,RNA-Seq,302,2280385088,PRJNA967384,SAMN34590222,964174170,"AGRICULTURAL SCIENCE, KOBE UNIVERSITY",missing,public,"fastq,sra,run.zq","s3,gs,ncbi","s3.us-east-1,ncbi.public,gs.us-east1",Parthenote,SRX20229430,uncalculated,uncalculated,missing,HiSeq X Ten,GSM7299827,PAIRED,cDNA,TRANSCRIPTOMIC,Mus musculus,ILLUMINA,2026-02-24T00:00:00Z,2023-05-04T20:24:00Z,1,GSM7299827,a single two cell embryo,SRP436012,C57BL/6,Parthenote,RNA-seq,,,,1
SRR24442116,RNA-Seq,302,2305559808,PRJNA967384,SAMN34590223,973216064,"AGRICULTURAL SCIENCE, KOBE UNIVERSITY",missing,public,"fastq,run.zq,sra","gs,ncbi,s3","gs.us-east1,s3.us-east-1,ncbi.public",Parthenote,SRX20229429,uncalculated,uncalculated,missing,HiSeq X Ten,GSM7299826,PAIRED,cDNA,TRANSCRIPTOMIC,Mus musculus,ILLUMINA,2026-02-24T00:00:00Z,2023-05-04T20:23:00Z,1,GSM7299826,a single two cell embryo,SRP436012,C57BL/6,Parthenote,RNA-seq,,,,1
SRR24442117,RNA-Seq,302,2348904056,PRJNA967384,SAMN34590224,1003138078,"AGRICULTURAL SCIENCE, KOBE UNIVERSITY",missing,public,"sra,fastq,run.zq","gs,ncbi,s3","s3.us-east-1,gs.us-east1,ncbi.public",Parthenote,SRX20229428,uncalculated,uncalculated,missing,HiSeq X Ten,GSM7299825,PAIRED,cDNA,TRANSCRIPTOMIC,Mus musculus,ILLUMINA,2026-02-24T00:00:00Z,2023-05-04T20:23:00Z,1,GSM7299825,a single two cell embryo,SRP436012,C57BL/6,Parthenote,RNA-seq,,,,1
SRR24442118,RNA-Seq,302,2232909480,PRJNA967384,SAMN34590225,938757033,"AGRICULTURAL SCIENCE, KOBE UNIVERSITY",missing,public,"run.zq,sra,fastq","ncbi,gs,s3","ncbi.public,gs.us-east1,s3.us-east-1",Parthenote,SRX20229427,uncalculated,uncalculated,missing,HiSeq X Ten,GSM7299824,PAIRED,cDNA,TRANSCRIPTOMIC,Mus musculus,ILLUMINA,2026-02-24T00:00:00Z,2023-05-04T20:23:00Z,1,GSM7299824,a single two cell embryo,SRP436012,C57BL/6,Parthenote,RNA-seq,,,,1
SRR24442119,RNA-Seq,302,2461216648,PRJNA967384,SAMN34590226,1045375804,"AGRICULTURAL SCIENCE, KOBE UNIVERSITY",missing,public,"sra,fastq,run.zq","s3,gs,ncbi","ncbi.public,gs.us-east1,s3.us-east-1",Parthenote,SRX20229426,uncalculated,uncalculated,missing,HiSeq X Ten,GSM7299823,PAIRED,cDNA,TRANSCRIPTOMIC,Mus musculus,ILLUMINA,2026-02-24T00:00:00Z,2023-05-04T20:22:00Z,1,GSM7299823,a single two cell embryo,SRP436012,C57BL/6,Parthenote,RNA-seq,,,,1
SRR24442120,RNA-Seq,302,2308516388,PRJNA967384,SAMN34590227,981281251,"AGRICULTURAL SCIENCE, KOBE UNIVERSITY",missing,public,"run.zq,sra,fastq","s3,ncbi,gs","gs.us-east1,s3.us-east-1,ncbi.public",Parthenote,SRX20229425,uncalculated,uncalculated,missing,HiSeq X Ten,GSM7299822,PAIRED,cDNA,TRANSCRIPTOMIC,Mus musculus,ILLUMINA,2026-02-24T00:00:00Z,2023-05-04T20:22:00Z,1,GSM7299822,a single two cell embryo,SRP436012,C57BL/6,Parthenote,RNA-seq,,,,1
SRR24442121,RNA-Seq,302,2485989406,PRJNA967384,SAMN34590228,1049312610,"AGRICULTURAL SCIENCE, KOBE UNIVERSITY",missing,public,"run.zq,fastq,sra","s3,ncbi,gs","s3.us-east-1,gs.us-east1,ncbi.public",Parthenote,SRX20229424,uncalculated,uncalculated,missing,HiSeq X Ten,GSM7299821,PAIRED,cDNA,TRANSCRIPTOMIC,Mus musculus,ILLUMINA,2026-02-24T00:00:00Z,2023-05-04T20:20:00Z,1,GSM7299821,a single two cell embryo,SRP436012,C57BL/6,Parthenote,RNA-seq,,,,1
SRR24442122,RNA-Seq,302,2461238392,PRJNA967384,SAMN34590229,1031785070,"AGRICULTURAL SCIENCE, KOBE UNIVERSITY",missing,public,"sra,fastq,run.zq","s3,gs,ncbi","gs.us-east1,s3.us-east-1,ncbi.public",Parthenote,SRX20229423,uncalculated,uncalculated,missing,HiSeq X Ten,GSM7299820,PAIRED,cDNA,TRANSCRIPTOMIC,Mus musculus,ILLUMINA,2026-02-24T00:00:00Z,2023-05-04T20:20:00Z,1,GSM7299820,a single two cell embryo,SRP436012,C57BL/6,Parthenote,RNA-seq,,,,1
SRR24442123,RNA-Seq,302,2268790704,PRJNA967384,SAMN34590230,967078188,"AGRICULTURAL SCIENCE, KOBE UNIVERSITY",missing,public,"fastq,run.zq,sra","gs,s3,ncbi","gs.us-east1,ncbi.public,s3.us-east-1",Parthenote,SRX20229422,uncalculated,uncalculated,missing,HiSeq X Ten,GSM7299819,PAIRED,cDNA,TRANSCRIPTOMIC,Mus musculus,ILLUMINA,2026-02-24T00:00:00Z,2023-05-04T20:23:00Z,1,GSM7299819,a single two cell embryo,SRP436012,C57BL/6,Parthenote,RNA-seq,,,,1
SRR24442124,RNA-Seq,302,2469890088,PRJNA967384,SAMN34590231,1048374581,"AGRICULTURAL SCIENCE, KOBE UNIVERSITY",missing,public,"fastq,run.zq,sra","s3,gs,ncbi","ncbi.public,s3.us-east-1,gs.us-east1",Parthenote,SRX20229421,uncalculated,uncalculated,missing,HiSeq X Ten,GSM7299818,PAIRED,cDNA,TRANSCRIPTOMIC,Mus musculus,ILLUMINA,2026-02-24T00:00:00Z,2023-05-04T20:21:00Z,1,GSM7299818,a single two cell embryo,SRP436012,C57BL/6,Parthenote,RNA-seq,,,,1
SRR24442125,RNA-Seq,302,2207694292,PRJNA967384,SAMN34590232,936614396,"AGRICULTURAL SCIENCE, KOBE UNIVERSITY",missing,public,"run.zq,sra,fastq","ncbi,s3,gs","gs.us-east1,s3.us-east-1,ncbi.public",Parthenote,SRX20229420,uncalculated,uncalculated,missing,HiSeq X Ten,GSM7299817,PAIRED,cDNA,TRANSCRIPTOMIC,Mus musculus,ILLUMINA,2026-02-24T00:00:00Z,2023-05-04T20:22:00Z,1,GSM7299817,a single two cell embryo,SRP436012,C57BL/6,Parthenote,RNA-seq,,,,1
SRR24442126,RNA-Seq,302,2377879748,PRJNA967384,SAMN34590233,1012564940,"AGRICULTURAL SCIENCE, KOBE UNIVERSITY",missing,public,"fastq,run.zq,sra","s3,gs,ncbi","gs.us-east1,s3.us-east-1,ncbi.public",Parthenote,SRX20229419,uncalculated,uncalculated,missing,HiSeq X Ten,GSM7299816,PAIRED,cDNA,TRANSCRIPTOMIC,Mus musculus,ILLUMINA,2026-02-24T00:00:00Z,2023-05-04T20:23:00Z,1,GSM7299816,a single two cell embryo,SRP436012,C57BL/6,Parthenote,RNA-seq,,,,1
SRR24442127,RNA-Seq,302,2039632802,PRJNA967384,SAMN34590234,873512771,"AGRICULTURAL SCIENCE, KOBE UNIVERSITY",missing,public,"sra,run.zq,fastq","ncbi,s3,gs","s3.us-east-1,gs.us-east1,ncbi.public",Parthenote,SRX20229418,uncalculated,uncalculated,missing,HiSeq X Ten,GSM7299815,PAIRED,cDNA,TRANSCRIPTOMIC,Mus musculus,ILLUMINA,2026-02-24T00:00:00Z,2023-05-04T20:23:00Z,1,GSM7299815,a single two cell embryo,SRP436012,C57BL/6,Parthenote,RNA-seq,,,,1
SRR24442128,RNA-Seq,302,2741162494,PRJNA967384,SAMN34590235,1160622033,"AGRICULTURAL SCIENCE, KOBE UNIVERSITY",missing,public,"run.zq,fastq,sra","ncbi,gs,s3","s3.us-east-1,gs.us-east1,ncbi.public",Parthenote,SRX20229417,uncalculated,uncalculated,missing,HiSeq X Ten,GSM7299814,PAIRED,cDNA,TRANSCRIPTOMIC,Mus musculus,ILLUMINA,2026-02-24T00:00:00Z,2023-05-04T20:24:00Z,1,GSM7299814,a single two cell embryo,SRP436012,C57BL/6,Parthenote,RNA-seq,,,,1
SRR24442129,RNA-Seq,302,1834852944,PRJNA967384,SAMN34590236,780249402,"AGRICULTURAL SCIENCE, KOBE UNIVERSITY",missing,public,"fastq,run.zq,sra","s3,ncbi,gs","ncbi.public,gs.us-east1,s3.us-east-1",Parthenote,SRX20229416,uncalculated,uncalculated,missing,HiSeq X Ten,GSM7299813,PAIRED,cDNA,TRANSCRIPTOMIC,Mus musculus,ILLUMINA,2026-02-24T00:00:00Z,2023-05-04T20:21:00Z,1,GSM7299813,a single two cell embryo,SRP436012,C57BL/6,Parthenote,RNA-seq,,,,1
SRR24442130,RNA-Seq,302,2502800840,PRJNA967384,SAMN34590237,1061909652,"AGRICULTURAL SCIENCE, KOBE UNIVERSITY",missing,public,"sra,run.zq,fastq","s3,gs,ncbi","ncbi.public,gs.us-east1,s3.us-east-1",Parthenote,SRX20229415,uncalculated,uncalculated,missing,HiSeq X Ten,GSM7299812,PAIRED,cDNA,TRANSCRIPTOMIC,Mus musculus,ILLUMINA,2026-02-24T00:00:00Z,2023-05-04T20:22:00Z,1,GSM7299812,a single two cell embryo,SRP436012,C57BL/6,Parthenote,RNA-seq,,,,1
SRR24442131,RNA-Seq,302,2549303706,PRJNA967384,SAMN34590238,1077183717,"AGRICULTURAL SCIENCE, KOBE UNIVERSITY",missing,public,"fastq,sra,run.zq","gs,ncbi,s3","gs.us-east1,ncbi.public,s3.us-east-1",Parthenote,SRX20229414,uncalculated,uncalculated,missing,HiSeq X Ten,GSM7299811,PAIRED,cDNA,TRANSCRIPTOMIC,Mus musculus,ILLUMINA,2026-02-24T00:00:00Z,2023-05-04T20:23:00Z,1,GSM7299811,a single two cell embryo,SRP436012,C57BL/6,Parthenote,RNA-seq,,,,1
SRR24442132,RNA-Seq,302,2590153132,PRJNA967384,SAMN34590239,1082369329,"AGRICULTURAL SCIENCE, KOBE UNIVERSITY",missing,public,"sra,run.zq,fastq","s3,ncbi,gs","s3.us-east-1,gs.us-east1,ncbi.public",Parthenote,SRX20229413,uncalculated,uncalculated,missing,HiSeq X Ten,GSM7299810,PAIRED,cDNA,TRANSCRIPTOMIC,Mus musculus,ILLUMINA,2026-02-24T00:00:00Z,2023-05-04T20:21:00Z,1,GSM7299810,a single two cell embryo,SRP436012,C57BL/6,Parthenote,RNA-seq,,,,1
SRR24442133,RNA-Seq,302,2091253662,PRJNA967384,SAMN34590240,892297248,"AGRICULTURAL SCIENCE, KOBE UNIVERSITY",missing,public,"sra,fastq,run.zq","gs,ncbi,s3","s3.us-east-1,ncbi.public,gs.us-east1",Parthenote,SRX20229412,uncalculated,uncalculated,missing,HiSeq X Ten,GSM7299809,PAIRED,cDNA,TRANSCRIPTOMIC,Mus musculus,ILLUMINA,2026-02-24T00:00:00Z,2023-05-04T20:20:00Z,1,GSM7299809,a single two cell embryo,SRP436012,C57BL/6,Parthenote,RNA-seq,,,,1
SRR24442134,RNA-Seq,302,2429030998,PRJNA967384,SAMN34590241,1017590795,"AGRICULTURAL SCIENCE, KOBE UNIVERSITY",missing,public,"fastq,sra,run.zq","s3,ncbi,gs","gs.us-east1,s3.us-east-1,ncbi.public",Parthenote,SRX20229411,uncalculated,uncalculated,missing,HiSeq X Ten,GSM7299808,PAIRED,cDNA,TRANSCRIPTOMIC,Mus musculus,ILLUMINA,2026-02-24T00:00:00Z,2023-05-04T20:23:00Z,1,GSM7299808,a single two cell embryo,SRP436012,C57BL/6,Parthenote,RNA-seq,,,,1
SRR24442135,RNA-Seq,302,2675323776,PRJNA967384,SAMN34590242,1119559445,"AGRICULTURAL SCIENCE, KOBE UNIVERSITY",missing,public,"sra,fastq,run.zq","ncbi,s3,gs","ncbi.public,s3.us-east-1,gs.us-east1",Parthenote,SRX20229410,uncalculated,uncalculated,missing,HiSeq X Ten,GSM7299807,PAIRED,cDNA,TRANSCRIPTOMIC,Mus musculus,ILLUMINA,2026-02-24T00:00:00Z,2023-05-04T20:23:00Z,1,GSM7299807,a single two cell embryo,SRP436012,C57BL/6,Parthenote,RNA-seq,,,,1
SRR24442136,RNA-Seq,302,2582756246,PRJNA967384,SAMN34590243,1087984211,"AGRICULTURAL SCIENCE, KOBE UNIVERSITY",missing,public,"sra,run.zq,fastq","s3,ncbi,gs","ncbi.public,s3.us-east-1,gs.us-east1",Parthenote,SRX20229409,uncalculated,uncalculated,missing,HiSeq X Ten,GSM7299806,PAIRED,cDNA,TRANSCRIPTOMIC,Mus musculus,ILLUMINA,2026-02-24T00:00:00Z,2023-05-04T20:23:00Z,1,GSM7299806,a single two cell embryo,SRP436012,C57BL/6,Parthenote,RNA-seq,,,,1
SRR24442137,RNA-Seq,302,2420130756,PRJNA967384,SAMN34590244,1022195174,"AGRICULTURAL SCIENCE, KOBE UNIVERSITY",missing,public,"run.zq,fastq,sra","gs,s3,ncbi","gs.us-east1,ncbi.public,s3.us-east-1",Parthenote,SRX20229408,uncalculated,uncalculated,missing,HiSeq X Ten,GSM7299805,PAIRED,cDNA,TRANSCRIPTOMIC,Mus musculus,ILLUMINA,2026-02-24T00:00:00Z,2023-05-04T20:21:00Z,1,GSM7299805,a single two cell embryo,SRP436012,C57BL/6,Parthenote,RNA-seq,,,,1
SRR24442138,RNA-Seq,302,2638914052,PRJNA967384,SAMN34590245,1110354613,"AGRICULTURAL SCIENCE, KOBE UNIVERSITY",missing,public,"sra,fastq,run.zq","gs,ncbi,s3","ncbi.public,gs.us-east1,s3.us-east-1",Parthenote,SRX20229407,uncalculated,uncalculated,missing,HiSeq X Ten,GSM7299804,PAIRED,cDNA,TRANSCRIPTOMIC,Mus musculus,ILLUMINA,2026-02-24T00:00:00Z,2023-05-04T20:23:00Z,1,GSM7299804,a single two cell embryo,SRP436012,C57BL/6,Parthenote,RNA-seq,,,,1
SRR24442139,RNA-Seq,302,2417111662,PRJNA967384,SAMN34590246,1026829644,"AGRICULTURAL SCIENCE, KOBE UNIVERSITY",missing,public,"fastq,sra,run.zq","ncbi,s3,gs","gs.us-east1,ncbi.public,s3.us-east-1",Parthenote,SRX20229406,uncalculated,uncalculated,missing,HiSeq X Ten,GSM7299803,PAIRED,cDNA,TRANSCRIPTOMIC,Mus musculus,ILLUMINA,2026-02-24T00:00:00Z,2023-05-04T20:21:00Z,1,GSM7299803,a single two cell embryo,SRP436012,C57BL/6,Parthenote,RNA-seq,,,,1
SRR24442140,RNA-Seq,302,2145533330,PRJNA967384,SAMN34590247,907627498,"AGRICULTURAL SCIENCE, KOBE UNIVERSITY",missing,public,"sra,run.zq,fastq","gs,ncbi,s3","s3.us-east-1,gs.us-east1,ncbi.public",Parthenote,SRX20229405,uncalculated,uncalculated,missing,HiSeq X Ten,GSM7299802,PAIRED,cDNA,TRANSCRIPTOMIC,Mus musculus,ILLUMINA,2026-02-24T00:00:00Z,2023-05-04T20:23:00Z,1,GSM7299802,a single two cell embryo,SRP436012,C57BL/6,Parthenote,RNA-seq,,,,1
SRR24442141,RNA-Seq,302,1945031000,PRJNA967384,SAMN34590248,829699873,"AGRICULTURAL SCIENCE, KOBE UNIVERSITY",missing,public,"run.zq,sra,fastq","s3,gs,ncbi","gs.us-east1,s3.us-east-1,ncbi.public",Parthenote,SRX20229404,uncalculated,uncalculated,missing,HiSeq X Ten,GSM7299801,PAIRED,cDNA,TRANSCRIPTOMIC,Mus musculus,ILLUMINA,2026-02-24T00:00:00Z,2023-05-04T20:23:00Z,1,GSM7299801,a single two cell embryo,SRP436012,C57BL/6,Parthenote,RNA-seq,,,,1
SRR24442142,RNA-Seq,302,2048430364,PRJNA967384,SAMN34590249,865282046,"AGRICULTURAL SCIENCE, KOBE UNIVERSITY",missing,public,"sra,fastq,run.zq","gs,ncbi,s3","gs.us-east1,ncbi.public,s3.us-east-1",Parthenote,SRX20229403,uncalculated,uncalculated,missing,HiSeq X Ten,GSM7299800,PAIRED,cDNA,TRANSCRIPTOMIC,Mus musculus,ILLUMINA,2026-02-24T00:00:00Z,2023-05-04T20:23:00Z,1,GSM7299800,a single two cell embryo,SRP436012,C57BL/6,Parthenote,RNA-seq,,,,1
SRR24442143,RNA-Seq,151,2686071050,PRJNA967384,SAMN34590250,1154649718,"AGRICULTURAL SCIENCE, KOBE UNIVERSITY",missing,public,"sra,run.zq,fastq","s3,ncbi,gs","ncbi.public,s3.us-east-1,gs.us-east1",2PN,SRX20229402,uncalculated,uncalculated,missing,HiSeq X Ten,GSM7299799,PAIRED,cDNA,TRANSCRIPTOMIC,Mus musculus,ILLUMINA,2026-02-24T00:00:00Z,2023-05-04T20:25:00Z,1,GSM7299799,a single two cell embryo,SRP436012,JF1/MsxC57BL/6,2PN,RNA-seq,,,,1
SRR24442144,RNA-Seq,151,2603112103,PRJNA967384,SAMN34590251,1106231789,"AGRICULTURAL SCIENCE, KOBE UNIVERSITY",missing,public,"run.zq,sra,fastq","s3,ncbi,gs","ncbi.public,gs.us-east1,s3.us-east-1",2PN,SRX20229401,uncalculated,uncalculated,missing,HiSeq X Ten,GSM7299798,PAIRED,cDNA,TRANSCRIPTOMIC,Mus musculus,ILLUMINA,2026-02-24T00:00:00Z,2023-05-04T20:31:00Z,1,GSM7299798,a single two cell embryo,SRP436012,JF1/MsxC57BL/6,2PN,RNA-seq,,,,1
SRR24442145,RNA-Seq,151,2319681781,PRJNA967384,SAMN34590252,983049253,"AGRICULTURAL SCIENCE, KOBE UNIVERSITY",missing,public,"sra,fastq,run.zq","s3,ncbi,gs","ncbi.public,s3.us-east-1,gs.us-east1",2PN,SRX20229400,uncalculated,uncalculated,missing,HiSeq X Ten,GSM7299797,PAIRED,cDNA,TRANSCRIPTOMIC,Mus musculus,ILLUMINA,2026-02-24T00:00:00Z,2023-05-04T20:23:00Z,1,GSM7299797,a single two cell embryo,SRP436012,JF1/MsxC57BL/6,2PN,RNA-seq,,,,1
SRR24442146,RNA-Seq,151,2182030634,PRJNA967384,SAMN34590253,936651717,"AGRICULTURAL SCIENCE, KOBE UNIVERSITY",missing,public,"run.zq,fastq,sra","gs,s3,ncbi","ncbi.public,gs.us-east1,s3.us-east-1",2PN,SRX20229399,uncalculated,uncalculated,missing,HiSeq X Ten,GSM7299796,PAIRED,cDNA,TRANSCRIPTOMIC,Mus musculus,ILLUMINA,2026-02-24T00:00:00Z,2023-05-04T20:22:00Z,1,GSM7299796,a single two cell embryo,SRP436012,JF1/MsxC57BL/6,2PN,RNA-seq,,,,1
SRR24442147,RNA-Seq,151,2282503316,PRJNA967384,SAMN34590254,982644255,"AGRICULTURAL SCIENCE, KOBE UNIVERSITY",missing,public,"run.zq,fastq,sra","ncbi,s3,gs","gs.us-east1,ncbi.public,s3.us-east-1",2PN,SRX20229398,uncalculated,uncalculated,missing,HiSeq X Ten,GSM7299795,PAIRED,cDNA,TRANSCRIPTOMIC,Mus musculus,ILLUMINA,2026-02-24T00:00:00Z,2023-05-04T20:27:00Z,1,GSM7299795,a single two cell embryo,SRP436012,JF1/MsxC57BL/6,2PN,RNA-seq,,,,1
SRR24442148,RNA-Seq,151,2175244543,PRJNA967384,SAMN34590255,928798945,"AGRICULTURAL SCIENCE, KOBE UNIVERSITY",missing,public,"run.zq,fastq,sra","ncbi,gs,s3","ncbi.public,gs.us-east1,s3.us-east-1",2PN,SRX20229397,uncalculated,uncalculated,missing,HiSeq X Ten,GSM7299794,PAIRED,cDNA,TRANSCRIPTOMIC,Mus musculus,ILLUMINA,2026-02-24T00:00:00Z,2023-05-04T20:24:00Z,1,GSM7299794,a single two cell embryo,SRP436012,JF1/MsxC57BL/6,2PN,RNA-seq,,,,1
SRR24442149,RNA-Seq,151,1978843222,PRJNA967384,SAMN34590256,855416524,"AGRICULTURAL SCIENCE, KOBE UNIVERSITY",missing,public,"fastq,run.zq,sra","gs,s3,ncbi","ncbi.public,gs.us-east1,s3.us-east-1",2PN,SRX20229396,uncalculated,uncalculated,missing,HiSeq X Ten,GSM7299793,PAIRED,cDNA,TRANSCRIPTOMIC,Mus musculus,ILLUMINA,2026-02-24T00:00:00Z,2023-05-04T20:24:00Z,1,GSM7299793,a single two cell embryo,SRP436012,JF1/MsxC57BL/6,2PN,RNA-seq,,,,1
SRR24442150,RNA-Seq,151,2151738977,PRJNA967384,SAMN34590257,925332419,"AGRICULTURAL SCIENCE, KOBE UNIVERSITY",missing,public,"fastq,sra,run.zq","s3,gs,ncbi","ncbi.public,s3.us-east-1,gs.us-east1",2PN,SRX20229455,uncalculated,uncalculated,missing,HiSeq X Ten,GSM7299792,PAIRED,cDNA,TRANSCRIPTOMIC,Mus musculus,ILLUMINA,2026-02-24T00:00:00Z,2023-05-04T20:24:00Z,1,GSM7299792,a single two cell embryo,SRP436012,JF1/MsxC57BL/6,2PN,RNA-seq,,,,1
SRR24442151,RNA-Seq,302,2308774900,PRJNA967384,SAMN34590278,970577585,"AGRICULTURAL SCIENCE, KOBE UNIVERSITY",missing,public,"sra,run.zq,fastq","ncbi,s3,gs","s3.us-east-1,ncbi.public,gs.us-east1",2PN,SRX20229394,uncalculated,uncalculated,missing,HiSeq X Ten,GSM7299771,PAIRED,cDNA,TRANSCRIPTOMIC,Mus musculus,ILLUMINA,2026-02-24T00:00:00Z,2023-05-04T20:22:00Z,1,GSM7299771,a single two cell embryo,SRP436012,C57BL/6 xJF1/Ms,2PN,RNA-seq,,,,1
SRR24442152,RNA-Seq,302,2567914456,PRJNA967384,SAMN34590279,1092406201,"AGRICULTURAL SCIENCE, KOBE UNIVERSITY",missing,public,"fastq,sra,run.zq","gs,ncbi,s3","ncbi.public,s3.us-east-1,gs.us-east1",2PN,SRX20229393,uncalculated,uncalculated,missing,HiSeq X Ten,GSM7299770,PAIRED,cDNA,TRANSCRIPTOMIC,Mus musculus,ILLUMINA,2026-02-24T00:00:00Z,2023-05-04T20:21:00Z,1,GSM7299770,a single two cell embryo,SRP436012,C57BL/6 xJF1/Ms,2PN,RNA-seq,,,,1
SRR24442153,RNA-Seq,302,2208913466,PRJNA967384,SAMN34590280,938620673,"AGRICULTURAL SCIENCE, KOBE UNIVERSITY",missing,public,"run.zq,fastq,sra","ncbi,gs,s3","ncbi.public,gs.us-east1,s3.us-east-1",2PN,SRX20229392,uncalculated,uncalculated,missing,HiSeq X Ten,GSM7299769,PAIRED,cDNA,TRANSCRIPTOMIC,Mus musculus,ILLUMINA,2026-02-24T00:00:00Z,2023-05-04T20:23:00Z,1,GSM7299769,a single two cell embryo,SRP436012,C57BL/6 xJF1/Ms,2PN,RNA-seq,,,,1
SRR24442154,RNA-Seq,302,2814481450,PRJNA967384,SAMN34590281,1168137315,"AGRICULTURAL SCIENCE, KOBE UNIVERSITY",missing,public,"run.zq,fastq,sra","gs,ncbi,s3","gs.us-east1,ncbi.public,s3.us-east-1",2PN,SRX20229391,uncalculated,uncalculated,missing,HiSeq X Ten,GSM7299768,PAIRED,cDNA,TRANSCRIPTOMIC,Mus musculus,ILLUMINA,2026-02-24T00:00:00Z,2023-05-04T20:25:00Z,1,GSM7299768,a single two cell embryo,SRP436012,C57BL/6 xJF1/Ms,2PN,RNA-seq,,,,1
SRR24442155,RNA-Seq,302,2219422462,PRJNA967384,SAMN34590282,935695735,"AGRICULTURAL SCIENCE, KOBE UNIVERSITY",missing,public,"sra,fastq,run.zq","s3,gs,ncbi","ncbi.public,gs.us-east1,s3.us-east-1",2PN,SRX20229390,uncalculated,uncalculated,missing,HiSeq X Ten,GSM7299767,PAIRED,cDNA,TRANSCRIPTOMIC,Mus musculus,ILLUMINA,2026-02-24T00:00:00Z,2023-05-04T20:23:00Z,1,GSM7299767,a single two cell embryo,SRP436012,C57BL/6 xJF1/Ms,2PN,RNA-seq,,,,1
SRR24442156,RNA-Seq,302,2389616072,PRJNA967384,SAMN34590283,1007393148,"AGRICULTURAL SCIENCE, KOBE UNIVERSITY",missing,public,"fastq,sra,run.zq","gs,s3,ncbi","gs.us-east1,s3.us-east-1,ncbi.public",2PN,SRX20229389,uncalculated,uncalculated,missing,HiSeq X Ten,GSM7299766,PAIRED,cDNA,TRANSCRIPTOMIC,Mus musculus,ILLUMINA,2026-02-24T00:00:00Z,2023-05-04T20:24:00Z,1,GSM7299766,a single two cell embryo,SRP436012,C57BL/6 xJF1/Ms,2PN,RNA-seq,,,,1
SRR24442157,RNA-Seq,302,2575448450,PRJNA967384,SAMN34590284,1073178819,"AGRICULTURAL SCIENCE, KOBE UNIVERSITY",missing,public,"run.zq,sra,fastq","s3,ncbi,gs","s3.us-east-1,gs.us-east1,ncbi.public",2PN,SRX20229388,uncalculated,uncalculated,missing,HiSeq X Ten,GSM7299765,PAIRED,cDNA,TRANSCRIPTOMIC,Mus musculus,ILLUMINA,2026-02-24T00:00:00Z,2023-05-04T20:22:00Z,1,GSM7299765,a single two cell embryo,SRP436012,C57BL/6 xJF1/Ms,2PN,RNA-seq,,,,1
SRR24442158,RNA-Seq,302,2284629698,PRJNA967384,SAMN34590285,961396349,"AGRICULTURAL SCIENCE, KOBE UNIVERSITY",missing,public,"run.zq,sra,fastq","s3,ncbi,gs","s3.us-east-1,gs.us-east1,ncbi.public",2PN,SRX20229387,uncalculated,uncalculated,missing,HiSeq X Ten,GSM7299764,PAIRED,cDNA,TRANSCRIPTOMIC,Mus musculus,ILLUMINA,2026-02-24T00:00:00Z,2023-05-04T20:23:00Z,1,GSM7299764,a single two cell embryo,SRP436012,C57BL/6 xJF1/Ms,2PN,RNA-seq,,,,1
SRR24442159,RNA-Seq,302,2456729532,PRJNA967384,SAMN34590286,1046533914,"AGRICULTURAL SCIENCE, KOBE UNIVERSITY",missing,public,"fastq,run.zq,sra","s3,gs,ncbi","gs.us-east1,s3.us-east-1,ncbi.public",2PN,SRX20229386,uncalculated,uncalculated,missing,HiSeq X Ten,GSM7299763,PAIRED,cDNA,TRANSCRIPTOMIC,Mus musculus,ILLUMINA,2026-02-24T00:00:00Z,2023-05-04T20:22:00Z,1,GSM7299763,a single two cell embryo,SRP436012,C57BL/6 xJF1/Ms,2PN,RNA-seq,,,,1
SRR24442160,RNA-Seq,302,2179158010,PRJNA967384,SAMN34590287,920810901,"AGRICULTURAL SCIENCE, KOBE UNIVERSITY",missing,public,"run.zq,fastq,sra","gs,ncbi,s3","s3.us-east-1,ncbi.public,gs.us-east1",2PN,SRX20229385,uncalculated,uncalculated,missing,HiSeq X Ten,GSM7299762,PAIRED,cDNA,TRANSCRIPTOMIC,Mus musculus,ILLUMINA,2026-02-24T00:00:00Z,2023-05-04T20:23:00Z,1,GSM7299762,a single two cell embryo,SRP436012,C57BL/6 xJF1/Ms,2PN,RNA-seq,,,,1
SRR24442161,RNA-Seq,302,2202903968,PRJNA967384,SAMN34590288,940680080,"AGRICULTURAL SCIENCE, KOBE UNIVERSITY",missing,public,"sra,fastq,run.zq","gs,s3,ncbi","s3.us-east-1,ncbi.public,gs.us-east1",2PN,SRX20229384,uncalculated,uncalculated,missing,HiSeq X Ten,GSM7299761,PAIRED,cDNA,TRANSCRIPTOMIC,Mus musculus,ILLUMINA,2026-02-24T00:00:00Z,2023-05-04T20:23:00Z,1,GSM7299761,a single two cell embryo,SRP436012,C57BL/6 xJF1/Ms,2PN,RNA-seq,,,,1
SRR24442162,RNA-Seq,302,2423924480,PRJNA967384,SAMN34590289,1020756320,"AGRICULTURAL SCIENCE, KOBE UNIVERSITY",missing,public,"sra,run.zq,fastq","s3,gs,ncbi","ncbi.public,s3.us-east-1,gs.us-east1",2PN,SRX20229383,uncalculated,uncalculated,missing,HiSeq X Ten,GSM7299760,PAIRED,cDNA,TRANSCRIPTOMIC,Mus musculus,ILLUMINA,2026-02-24T00:00:00Z,2023-05-04T20:23:00Z,1,GSM7299760,a single two cell embryo,SRP436012,C57BL/6 xJF1/Ms,2PN,RNA-seq,,,,1
SRR24442163,RNA-Seq,302,2094814544,PRJNA967384,SAMN34590290,887729216,"AGRICULTURAL SCIENCE, KOBE UNIVERSITY",missing,public,"sra,fastq,run.zq","s3,ncbi,gs","ncbi.public,gs.us-east1,s3.us-east-1",2PN,SRX20229382,uncalculated,uncalculated,missing,HiSeq X Ten,GSM7299759,PAIRED,cDNA,TRANSCRIPTOMIC,Mus musculus,ILLUMINA,2026-02-24T00:00:00Z,2023-05-04T20:20:00Z,1,GSM7299759,a single two cell embryo,SRP436012,C57BL/6 xJF1/Ms,2PN,RNA-seq,,,,1
SRR24442164,RNA-Seq,302,2649888430,PRJNA967384,SAMN34590291,1114355598,"AGRICULTURAL SCIENCE, KOBE UNIVERSITY",missing,public,"fastq,sra,run.zq","gs,s3,ncbi","s3.us-east-1,gs.us-east1,ncbi.public",2PN,SRX20229381,uncalculated,uncalculated,missing,HiSeq X Ten,GSM7299758,PAIRED,cDNA,TRANSCRIPTOMIC,Mus musculus,ILLUMINA,2026-02-24T00:00:00Z,2023-05-04T20:23:00Z,1,GSM7299758,a single two cell embryo,SRP436012,C57BL/6 xJF1/Ms,2PN,RNA-seq,,,,1
SRR24442165,RNA-Seq,302,2382346026,PRJNA967384,SAMN34590292,1010912837,"AGRICULTURAL SCIENCE, KOBE UNIVERSITY",missing,public,"fastq,run.zq,sra","ncbi,s3,gs","ncbi.public,s3.us-east-1,gs.us-east1",2PN,SRX20229380,uncalculated,uncalculated,missing,HiSeq X Ten,GSM7299757,PAIRED,cDNA,TRANSCRIPTOMIC,Mus musculus,ILLUMINA,2026-02-24T00:00:00Z,2023-05-04T20:26:00Z,1,GSM7299757,a single two cell embryo,SRP436012,C57BL/6 xJF1/Ms,2PN,RNA-seq,,,,1
SRR24442166,RNA-Seq,302,2258264192,PRJNA967384,SAMN34590293,940751946,"AGRICULTURAL SCIENCE, KOBE UNIVERSITY",missing,public,"run.zq,sra,fastq","ncbi,s3,gs","gs.us-east1,s3.us-east-1,ncbi.public",2PN,SRX20229379,uncalculated,uncalculated,missing,HiSeq X Ten,GSM7299756,PAIRED,cDNA,TRANSCRIPTOMIC,Mus musculus,ILLUMINA,2026-02-24T00:00:00Z,2023-05-04T20:23:00Z,1,GSM7299756,a single two cell embryo,SRP436012,C57BL/6 xJF1/Ms,2PN,RNA-seq,,,,1
SRR24442167,RNA-Seq,302,2390289532,PRJNA967384,SAMN34590294,1006717921,"AGRICULTURAL SCIENCE, KOBE UNIVERSITY",missing,public,"run.zq,sra,fastq","gs,s3,ncbi","s3.us-east-1,gs.us-east1,ncbi.public",2PN,SRX20229378,uncalculated,uncalculated,missing,HiSeq X Ten,GSM7299755,PAIRED,cDNA,TRANSCRIPTOMIC,Mus musculus,ILLUMINA,2026-02-24T00:00:00Z,2023-05-04T20:21:00Z,1,GSM7299755,a single two cell embryo,SRP436012,C57BL/6 xJF1/Ms,2PN,RNA-seq,,,,1
SRR24442168,RNA-Seq,302,2278682714,PRJNA967384,SAMN34590295,969301869,"AGRICULTURAL SCIENCE, KOBE UNIVERSITY",missing,public,"sra,run.zq,fastq","gs,s3,ncbi","s3.us-east-1,gs.us-east1,ncbi.public",2PN,SRX20229377,uncalculated,uncalculated,missing,HiSeq X Ten,GSM7299754,PAIRED,cDNA,TRANSCRIPTOMIC,Mus musculus,ILLUMINA,2026-02-24T00:00:00Z,2023-05-04T20:23:00Z,1,GSM7299754,a single two cell embryo,SRP436012,C57BL/6 xJF1/Ms,2PN,RNA-seq,,,,1
SRR24442169,RNA-Seq,302,2292079434,PRJNA967384,SAMN34590296,976973255,"AGRICULTURAL SCIENCE, KOBE UNIVERSITY",missing,public,"sra,fastq,run.zq","ncbi,gs,s3","ncbi.public,gs.us-east1,s3.us-east-1",2PN,SRX20229376,uncalculated,uncalculated,missing,HiSeq X Ten,GSM7299753,PAIRED,cDNA,TRANSCRIPTOMIC,Mus musculus,ILLUMINA,2026-02-24T00:00:00Z,2023-05-04T20:23:00Z,1,GSM7299753,a single two cell embryo,SRP436012,C57BL/6 xJF1/Ms,2PN,RNA-seq,,,,1
SRR24442170,RNA-Seq,302,2397102048,PRJNA967384,SAMN34590297,1012604905,"AGRICULTURAL SCIENCE, KOBE UNIVERSITY",missing,public,"sra,run.zq,fastq","ncbi,gs,s3","s3.us-east-1,ncbi.public,gs.us-east1",2PN,SRX20229375,uncalculated,uncalculated,missing,HiSeq X Ten,GSM7299752,PAIRED,cDNA,TRANSCRIPTOMIC,Mus musculus,ILLUMINA,2026-02-24T00:00:00Z,2023-05-04T20:23:00Z,1,GSM7299752,a single two cell embryo,SRP436012,C57BL/6 xJF1/Ms,2PN,RNA-seq,,,,1
SRR24442171,RNA-Seq,302,2479335138,PRJNA967384,SAMN34590298,1035981171,"AGRICULTURAL SCIENCE, KOBE UNIVERSITY",missing,public,"sra,fastq,run.zq","ncbi,gs,s3","gs.us-east1,ncbi.public,s3.us-east-1",2PN,SRX20229374,uncalculated,uncalculated,missing,HiSeq X Ten,GSM7299751,PAIRED,cDNA,TRANSCRIPTOMIC,Mus musculus,ILLUMINA,2026-02-24T00:00:00Z,2023-05-04T20:23:00Z,1,GSM7299751,a single two cell embryo,SRP436012,C57BL/6 xJF1/Ms,2PN,RNA-seq,,,,1
SRR24442172,RNA-Seq,302,2531063812,PRJNA967384,SAMN34590299,1057681530,"AGRICULTURAL SCIENCE, KOBE UNIVERSITY",missing,public,"fastq,sra,run.zq","ncbi,gs,s3","ncbi.public,gs.us-east1,s3.us-east-1",2PN,SRX20229373,uncalculated,uncalculated,missing,HiSeq X Ten,GSM7299750,PAIRED,cDNA,TRANSCRIPTOMIC,Mus musculus,ILLUMINA,2026-02-24T00:00:00Z,2023-05-04T20:22:00Z,1,GSM7299750,a single two cell embryo,SRP436012,C57BL/6 xJF1/Ms,2PN,RNA-seq,,,,1
SRR24442173,RNA-Seq,302,2317981068,PRJNA967384,SAMN34590300,977280482,"AGRICULTURAL SCIENCE, KOBE UNIVERSITY",missing,public,"fastq,run.zq,sra","s3,ncbi,gs","ncbi.public,gs.us-east1,s3.us-east-1",2PN,SRX20229372,uncalculated,uncalculated,missing,HiSeq X Ten,GSM7299749,PAIRED,cDNA,TRANSCRIPTOMIC,Mus musculus,ILLUMINA,2026-02-24T00:00:00Z,2023-05-04T20:22:00Z,1,GSM7299749,a single two cell embryo,SRP436012,C57BL/6 xJF1/Ms,2PN,RNA-seq,,,,1
SRR24442174,RNA-Seq,302,1949827968,PRJNA967384,SAMN34590301,832628026,"AGRICULTURAL SCIENCE, KOBE UNIVERSITY",missing,public,"fastq,sra,run.zq","gs,s3,ncbi","ncbi.public,gs.us-east1,s3.us-east-1",1PN,SRX20229371,uncalculated,uncalculated,missing,HiSeq X Ten,GSM7299748,PAIRED,cDNA,TRANSCRIPTOMIC,Mus musculus,ILLUMINA,2026-02-24T00:00:00Z,2023-05-04T20:22:00Z,1,GSM7299748,a single two cell embryo,SRP436012,C57BL/6 xJF1/Ms,1PN,RNA-seq,,,,0
SRR24442175,RNA-Seq,302,2265149792,PRJNA967384,SAMN34590302,968805265,"AGRICULTURAL SCIENCE, KOBE UNIVERSITY",missing,public,"sra,run.zq,fastq","gs,s3,ncbi","ncbi.public,s3.us-east-1,gs.us-east1",1PN,SRX20229370,uncalculated,uncalculated,missing,HiSeq X Ten,GSM7299747,PAIRED,cDNA,TRANSCRIPTOMIC,Mus musculus,ILLUMINA,2026-02-24T00:00:00Z,2023-05-04T20:23:00Z,1,GSM7299747,a single two cell embryo,SRP436012,C57BL/6 xJF1/Ms,Low quality,RNA-seq,,,,0
SRR24442176,RNA-Seq,302,2665502434,PRJNA967384,SAMN34590303,1136046923,"AGRICULTURAL SCIENCE, KOBE UNIVERSITY",missing,public,"fastq,sra,run.zq","gs,s3,ncbi","gs.us-east1,s3.us-east-1,ncbi.public",1PN,SRX20229369,uncalculated,uncalculated,missing,HiSeq X Ten,GSM7299746,PAIRED,cDNA,TRANSCRIPTOMIC,Mus musculus,ILLUMINA,2026-02-24T00:00:00Z,2023-05-04T20:23:00Z,1,GSM7299746,a single two cell embryo,SRP436012,C57BL/6 xJF1/Ms,Parthenote,RNA-seq,,,,0
SRR24442177,RNA-Seq,302,2287842374,PRJNA967384,SAMN34590304,971814172,"AGRICULTURAL SCIENCE, KOBE UNIVERSITY",missing,public,"sra,fastq,run.zq","ncbi,gs,s3","s3.us-east-1,gs.us-east1,ncbi.public",1PN,SRX20229368,uncalculated,uncalculated,missing,HiSeq X Ten,GSM7299745,PAIRED,cDNA,TRANSCRIPTOMIC,Mus musculus,ILLUMINA,2026-02-24T00:00:00Z,2023-05-04T20:23:00Z,1,GSM7299745,a single two cell embryo,SRP436012,C57BL/6 xJF1/Ms,Low quality,RNA-seq,,,,0
SRR24442178,RNA-Seq,302,2164044420,PRJNA967384,SAMN34590305,925216424,"AGRICULTURAL SCIENCE, KOBE UNIVERSITY",missing,public,"fastq,run.zq,sra","ncbi,s3,gs","ncbi.public,gs.us-east1,s3.us-east-1",1PN,SRX20229367,uncalculated,uncalculated,missing,HiSeq X Ten,GSM7299744,PAIRED,cDNA,TRANSCRIPTOMIC,Mus musculus,ILLUMINA,2026-02-24T00:00:00Z,2023-05-04T20:22:00Z,1,GSM7299744,a single two cell embryo,SRP436012,C57BL/6 xJF1/Ms,1PN,RNA-seq,,,,0
SRR24442179,RNA-Seq,302,2589039658,PRJNA967384,SAMN34590306,1091962104,"AGRICULTURAL SCIENCE, KOBE UNIVERSITY",missing,public,"fastq,sra,run.zq","gs,ncbi,s3","s3.us-east-1,ncbi.public,gs.us-east1",1PN,SRX20229366,uncalculated,uncalculated,missing,HiSeq X Ten,GSM7299743,PAIRED,cDNA,TRANSCRIPTOMIC,Mus musculus,ILLUMINA,2026-02-24T00:00:00Z,2023-05-04T20:23:00Z,1,GSM7299743,a single two cell embryo,SRP436012,C57BL/6 xJF1/Ms,Parthenote,RNA-seq,,,,0
SRR24442180,RNA-Seq,302,2253498632,PRJNA967384,SAMN34590307,957398254,"AGRICULTURAL SCIENCE, KOBE UNIVERSITY",missing,public,"run.zq,fastq,sra","ncbi,s3,gs","gs.us-east1,s3.us-east-1,ncbi.public",1PN,SRX20229365,uncalculated,uncalculated,missing,HiSeq X Ten,GSM7299742,PAIRED,cDNA,TRANSCRIPTOMIC,Mus musculus,ILLUMINA,2026-02-24T00:00:00Z,2023-05-04T20:21:00Z,1,GSM7299742,a single two cell embryo,SRP436012,C57BL/6 xJF1/Ms,1PN,RNA-seq,,,,0
SRR24442181,RNA-Seq,302,2183450336,PRJNA967384,SAMN34590308,922024375,"AGRICULTURAL SCIENCE, KOBE UNIVERSITY",missing,public,"fastq,run.zq,sra","ncbi,s3,gs","s3.us-east-1,gs.us-east1,ncbi.public",1PN,SRX20229364,uncalculated,uncalculated,missing,HiSeq X Ten,GSM7299741,PAIRED,cDNA,TRANSCRIPTOMIC,Mus musculus,ILLUMINA,2026-02-24T00:00:00Z,2023-05-04T20:22:00Z,1,GSM7299741,a single two cell embryo,SRP436012,C57BL/6 xJF1/Ms,1PN,RNA-seq,,,,0
SRR24442182,RNA-Seq,302,1830229626,PRJNA967384,SAMN34590309,773397845,"AGRICULTURAL SCIENCE, KOBE UNIVERSITY",missing,public,"run.zq,sra,fastq","ncbi,gs,s3","ncbi.public,s3.us-east-1,gs.us-east1",1PN,SRX20229363,uncalculated,uncalculated,missing,HiSeq X Ten,GSM7299740,PAIRED,cDNA,TRANSCRIPTOMIC,Mus musculus,ILLUMINA,2026-02-24T00:00:00Z,2023-05-04T20:22:00Z,1,GSM7299740,a single two cell embryo,SRP436012,C57BL/6 xJF1/Ms,1PN,RNA-seq,,,,0
SRR24442183,RNA-Seq,302,2289501864,PRJNA967384,SAMN34590310,951615110,"AGRICULTURAL SCIENCE, KOBE UNIVERSITY",missing,public,"fastq,run.zq,sra","gs,ncbi,s3","gs.us-east1,ncbi.public,s3.us-east-1",1PN,SRX20229362,uncalculated,uncalculated,missing,HiSeq X Ten,GSM7299739,PAIRED,cDNA,TRANSCRIPTOMIC,Mus musculus,ILLUMINA,2026-02-24T00:00:00Z,2023-05-04T20:23:00Z,1,GSM7299739,a single two cell embryo,SRP436012,C57BL/6 xJF1/Ms,Parthenote,RNA-seq,,,,0
SRR24442184,RNA-Seq,302,2151335656,PRJNA967384,SAMN34590311,909195903,"AGRICULTURAL SCIENCE, KOBE UNIVERSITY",missing,public,"fastq,sra,run.zq","s3,gs,ncbi","ncbi.public,gs.us-east1,s3.us-east-1",1PN,SRX20229361,uncalculated,uncalculated,missing,HiSeq X Ten,GSM7299738,PAIRED,cDNA,TRANSCRIPTOMIC,Mus musculus,ILLUMINA,2026-02-24T00:00:00Z,2023-05-04T20:20:00Z,1,GSM7299738,a single two cell embryo,SRP436012,C57BL/6 xJF1/Ms,Parthenote,RNA-seq,,,,0
SRR24442185,RNA-Seq,302,1967003916,PRJNA967384,SAMN34590312,838321109,"AGRICULTURAL SCIENCE, KOBE UNIVERSITY",missing,public,"run.zq,sra,fastq","ncbi,s3,gs","s3.us-east-1,gs.us-east1,ncbi.public",1PN,SRX20229360,uncalculated,uncalculated,missing,HiSeq X Ten,GSM7299737,PAIRED,cDNA,TRANSCRIPTOMIC,Mus musculus,ILLUMINA,2026-02-24T00:00:00Z,2023-05-04T20:22:00Z,1,GSM7299737,a single two cell embryo,SRP436012,C57BL/6 xJF1/Ms,1PN,RNA-seq,,,,0
SRR24442186,RNA-Seq,302,2013177904,PRJNA967384,SAMN34590313,841644947,"AGRICULTURAL SCIENCE, KOBE UNIVERSITY",missing,public,"run.zq,fastq,sra","gs,ncbi,s3","gs.us-east1,s3.us-east-1,ncbi.public",1PN,SRX20229359,uncalculated,uncalculated,missing,HiSeq X Ten,GSM7299736,PAIRED,cDNA,TRANSCRIPTOMIC,Mus musculus,ILLUMINA,2026-02-24T00:00:00Z,2023-05-04T20:22:00Z,1,GSM7299736,a single two cell embryo,SRP436012,C57BL/6 xJF1/Ms,dead,RNA-seq,,,,0
SRR24442187,RNA-Seq,302,2445267424,PRJNA967384,SAMN34590314,1026024976,"AGRICULTURAL SCIENCE, KOBE UNIVERSITY",missing,public,"run.zq,fastq,sra","gs,ncbi,s3","s3.us-east-1,gs.us-east1,ncbi.public",1PN,SRX20229358,uncalculated,uncalculated,missing,HiSeq X Ten,GSM7299735,PAIRED,cDNA,TRANSCRIPTOMIC,Mus musculus,ILLUMINA,2026-02-24T00:00:00Z,2023-05-04T20:24:00Z,1,GSM7299735,a single two cell embryo,SRP436012,C57BL/6 xJF1/Ms,1PN,RNA-seq,,,,0
SRR24442188,RNA-Seq,302,2080405822,PRJNA967384,SAMN34590315,880294871,"AGRICULTURAL SCIENCE, KOBE UNIVERSITY",missing,public,"run.zq,fastq,sra","s3,gs,ncbi","ncbi.public,s3.us-east-1,gs.us-east1",1PN,SRX20229357,uncalculated,uncalculated,missing,HiSeq X Ten,GSM7299734,PAIRED,cDNA,TRANSCRIPTOMIC,Mus musculus,ILLUMINA,2026-02-24T00:00:00Z,2023-05-04T20:23:00Z,1,GSM7299734,a single two cell embryo,SRP436012,C57BL/6 xJF1/Ms,Parthenote,RNA-seq,,,,0
SRR24442189,RNA-Seq,302,1908181564,PRJNA967384,SAMN34590316,801403877,"AGRICULTURAL SCIENCE, KOBE UNIVERSITY",missing,public,"run.zq,fastq,sra","ncbi,gs,s3","gs.us-east1,s3.us-east-1,ncbi.public",1PN,SRX20229356,uncalculated,uncalculated,missing,HiSeq X Ten,GSM7299733,PAIRED,cDNA,TRANSCRIPTOMIC,Mus musculus,ILLUMINA,2026-02-24T00:00:00Z,2023-05-04T20:22:00Z,1,GSM7299733,a single two cell embryo,SRP436012,C57BL/6 xJF1/Ms,1PN,RNA-seq,,,,0
SRR24442190,RNA-Seq,302,2394987444,PRJNA967384,SAMN34590317,1012610685,"AGRICULTURAL SCIENCE, KOBE UNIVERSITY",missing,public,"fastq,run.zq,sra","ncbi,gs,s3","s3.us-east-1,ncbi.public,gs.us-east1",1PN,SRX20229355,uncalculated,uncalculated,missing,HiSeq X Ten,GSM7299732,PAIRED,cDNA,TRANSCRIPTOMIC,Mus musculus,ILLUMINA,2026-02-24T00:00:00Z,2023-05-04T20:24:00Z,1,GSM7299732,a single two cell embryo,SRP436012,C57BL/6 xJF1/Ms,1PN,RNA-seq,,,,0
SRR24442191,RNA-Seq,302,2355668554,PRJNA967384,SAMN34590318,988379362,"AGRICULTURAL SCIENCE, KOBE UNIVERSITY",missing,public,"run.zq,sra,fastq","ncbi,gs,s3","gs.us-east1,ncbi.public,s3.us-east-1",1PN,SRX20229354,uncalculated,uncalculated,missing,HiSeq X Ten,GSM7299731,PAIRED,cDNA,TRANSCRIPTOMIC,Mus musculus,ILLUMINA,2026-02-24T00:00:00Z,2023-05-04T20:23:00Z,1,GSM7299731,a single two cell embryo,SRP436012,C57BL/6 xJF1/Ms,Parthenote,RNA-seq,,,,0
SRR24442192,RNA-Seq,302,2305100768,PRJNA967384,SAMN34590319,980243338,"AGRICULTURAL SCIENCE, KOBE UNIVERSITY",missing,public,"sra,run.zq,fastq","gs,ncbi,s3","s3.us-east-1,gs.us-east1,ncbi.public",1PN,SRX20229353,uncalculated,uncalculated,missing,HiSeq X Ten,GSM7299730,PAIRED,cDNA,TRANSCRIPTOMIC,Mus musculus,ILLUMINA,2026-02-24T00:00:00Z,2023-05-04T20:23:00Z,1,GSM7299730,a single two cell embryo,SRP436012,C57BL/6 xJF1/Ms,Parthenote,RNA-seq,,,,0
SRR31038064,OTHER,222,8845656822,PRJNA1174684,SAMN44344260,2674986564,"AGRICULTURAL SCIENCE, KOBE UNIVERSITY",missing,public,"fastq,run.zq,sra","s3,gs,ncbi","gs.us-east1,s3.us-east-1,ncbi.public",2PN,SRX26423373,uncalculated,uncalculated,missing,NextSeq 2000,GSM8580281,PAIRED,other,GENOMIC,Mus musculus,ILLUMINA,2026-02-24T00:00:00Z,2024-10-18T09:20:00Z,1,GSM8580281,embryo,SRP539325,BDF1(C57BL/6xDBA2) xJF1/Ms,,,H3K27me3,Zygote,embryo,1
SRR31038065,OTHER,222,9020141274,PRJNA1174684,SAMN44344261,2728154990,"AGRICULTURAL SCIENCE, KOBE UNIVERSITY",missing,public,"sra,fastq,run.zq","gs,s3,ncbi","ncbi.public,gs.us-east1,s3.us-east-1",2PN,SRX26423372,uncalculated,uncalculated,missing,NextSeq 2000,GSM8580280,PAIRED,other,GENOMIC,Mus musculus,ILLUMINA,2026-02-24T00:00:00Z,2024-10-18T09:22:00Z,1,GSM8580280,embryo,SRP539325,BDF1(C57BL/6xDBA2) xJF1/Ms,,,H3K27me3,Zygote,embryo,1
SRR31038066,OTHER,222,8290697448,PRJNA1174684,SAMN44344262,2511158356,"AGRICULTURAL SCIENCE, KOBE UNIVERSITY",missing,public,"run.zq,sra,fastq","gs,ncbi,s3","s3.us-east-1,ncbi.public,gs.us-east1",1PN,SRX26423371,uncalculated,uncalculated,missing,NextSeq 2000,GSM8580279,PAIRED,other,GENOMIC,Mus musculus,ILLUMINA,2026-02-24T00:00:00Z,2024-10-18T09:19:00Z,1,GSM8580279,embryo,SRP539325,BDF1(C57BL/6xDBA2) xJF1/Ms,,,H3K27me3,Zygote,embryo,0
SRR31038067,OTHER,222,8775338322,PRJNA1174684,SAMN44344263,2662371870,"AGRICULTURAL SCIENCE, KOBE UNIVERSITY",missing,public,"run.zq,fastq,sra","s3,ncbi,gs","ncbi.public,s3.us-east-1,gs.us-east1",1PN,SRX26423370,uncalculated,uncalculated,missing,NextSeq 2000,GSM8580278,PAIRED,other,GENOMIC,Mus musculus,ILLUMINA,2026-02-24T00:00:00Z,2024-10-18T09:18:00Z,1,GSM8580278,embryo,SRP539325,BDF1(C57BL/6xDBA2) xJF1/Ms,,,H3K27me3,Zygote,embryo,0
SRR31038072,OTHER,222,9176805786,PRJNA1174684,SAMN44344268,2787085386,"AGRICULTURAL SCIENCE, KOBE UNIVERSITY",missing,public,"run.zq,sra,fastq","ncbi,gs,s3","ncbi.public,s3.us-east-1,gs.us-east1",2PN,SRX26423365,uncalculated,uncalculated,missing,NextSeq 2000,GSM8580273,PAIRED,other,GENOMIC,Mus musculus,ILLUMINA,2026-02-24T00:00:00Z,2024-10-18T09:15:00Z,1,GSM8580273,embryo,SRP539325,BDF1(C57BL/6xDBA2) xJF1/Ms,,,H3K4me3,Zygote,embryo,1
SRR31038073,OTHER,222,5504193186,PRJNA1174684,SAMN44344269,1676669687,"AGRICULTURAL SCIENCE, KOBE UNIVERSITY",missing,public,"sra,fastq,run.zq","gs,ncbi,s3","gs.us-east1,ncbi.public,s3.us-east-1",2PN,SRX26423364,uncalculated,uncalculated,missing,NextSeq 2000,GSM8580272,PAIRED,other,GENOMIC,Mus musculus,ILLUMINA,2026-02-24T00:00:00Z,2024-10-18T09:15:00Z,1,GSM8580272,embryo,SRP539325,BDF1(C57BL/6xDBA2) xJF1/Ms,,,H3K4me3,Zygote,embryo,1
SRR31038074,OTHER,222,5002876560,PRJNA1174684,SAMN44344270,1487223277,"AGRICULTURAL SCIENCE, KOBE UNIVERSITY",missing,public,"fastq,run.zq,sra","gs,s3,ncbi","s3.us-east-1,gs.us-east1,ncbi.public",2PN,SRX26423363,uncalculated,uncalculated,missing,NextSeq 2000,GSM8580271,PAIRED,other,GENOMIC,Mus musculus,ILLUMINA,2026-02-24T00:00:00Z,2024-10-18T09:15:00Z,1,GSM8580271,embryo,SRP539325,BDF1(C57BL/6xDBA2) xJF1/Ms,,,H3K4me3,Zygote,embryo,1
SRR31038075,OTHER,222,9666626142,PRJNA1174684,SAMN44344271,2936579882,"AGRICULTURAL SCIENCE, KOBE UNIVERSITY",missing,public,"sra,fastq,run.zq","ncbi,s3,gs","ncbi.public,gs.us-east1,s3.us-east-1",1PN,SRX26423362,uncalculated,uncalculated,missing,NextSeq 2000,GSM8580270,PAIRED,other,GENOMIC,Mus musculus,ILLUMINA,2026-02-24T00:00:00Z,2024-10-18T09:22:00Z,1,GSM8580270,embryo,SRP539325,BDF1(C57BL/6xDBA2) xJF1/Ms,,,H3K4me3,Zygote,embryo,0
SRR31038076,OTHER,222,4600585476,PRJNA1174684,SAMN44344272,1402104665,"AGRICULTURAL SCIENCE, KOBE UNIVERSITY",missing,public,"run.zq,sra,fastq","gs,ncbi,s3","ncbi.public,s3.us-east-1,gs.us-east1",1PN,SRX26423361,uncalculated,uncalculated,missing,NextSeq 2000,GSM8580269,PAIRED,other,GENOMIC,Mus musculus,ILLUMINA,2026-02-24T00:00:00Z,2024-10-18T09:13:00Z,1,GSM8580269,embryo,SRP539325,BDF1(C57BL/6xDBA2) xJF1/Ms,,,H3K4me3,Zygote,embryo,0
SRR31038077,OTHER,222,5366438856,PRJNA1174684,SAMN44344273,1605569299,"AGRICULTURAL SCIENCE, KOBE UNIVERSITY",missing,public,"run.zq,sra,fastq","ncbi,gs,s3","ncbi.public,s3.us-east-1,gs.us-east1",1PN,SRX26423360,uncalculated,uncalculated,missing,NextSeq 2000,GSM8580268,PAIRED,other,GENOMIC,Mus musculus,ILLUMINA,2026-02-24T00:00:00Z,2024-10-18T09:15:00Z,1,GSM8580268,embryo,SRP539325,BDF1(C57BL/6xDBA2) xJF1/Ms,,,H3K4me3,Zygote,embryo,0
